country_id,country,region,year,gdp_per_capita_source_units,population_source_units,source_id,gdp_per_capita,population,gdp,gdp_unit,population_unit,gdp_method
CHN,China,East Asia,1,,59600.0,MPD2023,,59600000.0,,2011 international dollars,persons,GDP per capita multiplied by population
CHN,China,East Asia,730,,,MPD2023,,,,2011 international dollars,persons,GDP per capita multiplied by population
CHN,China,East Asia,1000,1225.1070000000002,59000.0,MPD2023,1225.1070000000002,59000000.0,72281313000.00002,2011 international dollars,persons,GDP per capita multiplied by population
CHN,China,East Asia,1090,1221.711,,MPD2023,1221.711,,,2011 international dollars,persons,GDP per capita multiplied by population
CHN,China,East Asia,1150,1180.959,,MPD2023,1180.959,,,2011 international dollars,persons,GDP per capita multiplied by population
CHN,China,East Asia,1252,,,MPD2023,,,,2011 international dollars,persons,GDP per capita multiplied by population
CHN,China,East Asia,1253,,,MPD2023,,,,2011 international dollars,persons,GDP per capita multiplied by population
CHN,China,East Asia,1254,,,MPD2023,,,,2011 international dollars,persons,GDP per capita multiplied by population
CHN,China,East Asia,1255,,,MPD2023,,,,2011 international dollars,persons,GDP per capita multiplied by population
CHN,China,East Asia,1256,,,MPD2023,,,,2011 international dollars,persons,GDP per capita multiplied by population
CHN,China,East Asia,1257,,,MPD2023,,,,2011 international dollars,persons,GDP per capita multiplied by population
CHN,China,East Asia,1258,,,MPD2023,,,,2011 international dollars,persons,GDP per capita multiplied by population
CHN,China,East Asia,1259,,,MPD2023,,,,2011 international dollars,persons,GDP per capita multiplied by population
CHN,China,East Asia,1260,,,MPD2023,,,,2011 international dollars,persons,GDP per capita multiplied by population
CHN,China,East Asia,1261,,,MPD2023,,,,2011 international dollars,persons,GDP per capita multiplied by population
CHN,China,East Asia,1262,,,MPD2023,,,,2011 international dollars,persons,GDP per capita multiplied by population
CHN,China,East Asia,1263,,,MPD2023,,,,2011 international dollars,persons,GDP per capita multiplied by population
CHN,China,East Asia,1264,,,MPD2023,,,,2011 international dollars,persons,GDP per capita multiplied by population
CHN,China,East Asia,1265,,,MPD2023,,,,2011 international dollars,persons,GDP per capita multiplied by population
CHN,China,East Asia,1266,,,MPD2023,,,,2011 international dollars,persons,GDP per capita multiplied by population
CHN,China,East Asia,1267,,,MPD2023,,,,2011 international dollars,persons,GDP per capita multiplied by population
CHN,China,East Asia,1268,,,MPD2023,,,,2011 international dollars,persons,GDP per capita multiplied by population
CHN,China,East Asia,1269,,,MPD2023,,,,2011 international dollars,persons,GDP per capita multiplied by population
CHN,China,East Asia,1270,,,MPD2023,,,,2011 international dollars,persons,GDP per capita multiplied by population
CHN,China,East Asia,1271,,,MPD2023,,,,2011 international dollars,persons,GDP per capita multiplied by population
CHN,China,East Asia,1272,,,MPD2023,,,,2011 international dollars,persons,GDP per capita multiplied by population
CHN,China,East Asia,1273,,,MPD2023,,,,2011 international dollars,persons,GDP per capita multiplied by population
CHN,China,East Asia,1274,,,MPD2023,,,,2011 international dollars,persons,GDP per capita multiplied by population
CHN,China,East Asia,1275,,,MPD2023,,,,2011 international dollars,persons,GDP per capita multiplied by population
CHN,China,East Asia,1276,,,MPD2023,,,,2011 international dollars,persons,GDP per capita multiplied by population
CHN,China,East Asia,1277,,,MPD2023,,,,2011 international dollars,persons,GDP per capita multiplied by population
CHN,China,East Asia,1278,,,MPD2023,,,,2011 international dollars,persons,GDP per capita multiplied by population
CHN,China,East Asia,1279,,,MPD2023,,,,2011 international dollars,persons,GDP per capita multiplied by population
CHN,China,East Asia,1280,,,MPD2023,,,,2011 international dollars,persons,GDP per capita multiplied by population
CHN,China,East Asia,1281,,,MPD2023,,,,2011 international dollars,persons,GDP per capita multiplied by population
CHN,China,East Asia,1282,,,MPD2023,,,,2011 international dollars,persons,GDP per capita multiplied by population
CHN,China,East Asia,1283,,,MPD2023,,,,2011 international dollars,persons,GDP per capita multiplied by population
CHN,China,East Asia,1284,,,MPD2023,,,,2011 international dollars,persons,GDP per capita multiplied by population
CHN,China,East Asia,1285,,,MPD2023,,,,2011 international dollars,persons,GDP per capita multiplied by population
CHN,China,East Asia,1286,,,MPD2023,,,,2011 international dollars,persons,GDP per capita multiplied by population
CHN,China,East Asia,1287,,,MPD2023,,,,2011 international dollars,persons,GDP per capita multiplied by population
CHN,China,East Asia,1288,,,MPD2023,,,,2011 international dollars,persons,GDP per capita multiplied by population
CHN,China,East Asia,1289,,,MPD2023,,,,2011 international dollars,persons,GDP per capita multiplied by population
CHN,China,East Asia,1290,,,MPD2023,,,,2011 international dollars,persons,GDP per capita multiplied by population
CHN,China,East Asia,1291,,,MPD2023,,,,2011 international dollars,persons,GDP per capita multiplied by population
CHN,China,East Asia,1292,,,MPD2023,,,,2011 international dollars,persons,GDP per capita multiplied by population
CHN,China,East Asia,1293,,,MPD2023,,,,2011 international dollars,persons,GDP per capita multiplied by population
CHN,China,East Asia,1294,,,MPD2023,,,,2011 international dollars,persons,GDP per capita multiplied by population
CHN,China,East Asia,1295,,,MPD2023,,,,2011 international dollars,persons,GDP per capita multiplied by population
CHN,China,East Asia,1296,,,MPD2023,,,,2011 international dollars,persons,GDP per capita multiplied by population
CHN,China,East Asia,1297,,,MPD2023,,,,2011 international dollars,persons,GDP per capita multiplied by population
CHN,China,East Asia,1298,,,MPD2023,,,,2011 international dollars,persons,GDP per capita multiplied by population
CHN,China,East Asia,1299,,,MPD2023,,,,2011 international dollars,persons,GDP per capita multiplied by population
CHN,China,East Asia,1300,,,MPD2023,,,,2011 international dollars,persons,GDP per capita multiplied by population
CHN,China,East Asia,1301,,,MPD2023,,,,2011 international dollars,persons,GDP per capita multiplied by population
CHN,China,East Asia,1302,,,MPD2023,,,,2011 international dollars,persons,GDP per capita multiplied by population
CHN,China,East Asia,1303,,,MPD2023,,,,2011 international dollars,persons,GDP per capita multiplied by population
CHN,China,East Asia,1304,,,MPD2023,,,,2011 international dollars,persons,GDP per capita multiplied by population
CHN,China,East Asia,1305,,,MPD2023,,,,2011 international dollars,persons,GDP per capita multiplied by population
CHN,China,East Asia,1306,,,MPD2023,,,,2011 international dollars,persons,GDP per capita multiplied by population
CHN,China,East Asia,1307,,,MPD2023,,,,2011 international dollars,persons,GDP per capita multiplied by population
CHN,China,East Asia,1308,,,MPD2023,,,,2011 international dollars,persons,GDP per capita multiplied by population
CHN,China,East Asia,1309,,,MPD2023,,,,2011 international dollars,persons,GDP per capita multiplied by population
CHN,China,East Asia,1310,,,MPD2023,,,,2011 international dollars,persons,GDP per capita multiplied by population
CHN,China,East Asia,1311,,,MPD2023,,,,2011 international dollars,persons,GDP per capita multiplied by population
CHN,China,East Asia,1312,,,MPD2023,,,,2011 international dollars,persons,GDP per capita multiplied by population
CHN,China,East Asia,1313,,,MPD2023,,,,2011 international dollars,persons,GDP per capita multiplied by population
CHN,China,East Asia,1314,,,MPD2023,,,,2011 international dollars,persons,GDP per capita multiplied by population
CHN,China,East Asia,1315,,,MPD2023,,,,2011 international dollars,persons,GDP per capita multiplied by population
CHN,China,East Asia,1316,,,MPD2023,,,,2011 international dollars,persons,GDP per capita multiplied by population
CHN,China,East Asia,1317,,,MPD2023,,,,2011 international dollars,persons,GDP per capita multiplied by population
CHN,China,East Asia,1318,,,MPD2023,,,,2011 international dollars,persons,GDP per capita multiplied by population
CHN,China,East Asia,1319,,,MPD2023,,,,2011 international dollars,persons,GDP per capita multiplied by population
CHN,China,East Asia,1320,,,MPD2023,,,,2011 international dollars,persons,GDP per capita multiplied by population
CHN,China,East Asia,1321,,,MPD2023,,,,2011 international dollars,persons,GDP per capita multiplied by population
CHN,China,East Asia,1322,,,MPD2023,,,,2011 international dollars,persons,GDP per capita multiplied by population
CHN,China,East Asia,1323,,,MPD2023,,,,2011 international dollars,persons,GDP per capita multiplied by population
CHN,China,East Asia,1324,,,MPD2023,,,,2011 international dollars,persons,GDP per capita multiplied by population
CHN,China,East Asia,1325,,,MPD2023,,,,2011 international dollars,persons,GDP per capita multiplied by population
CHN,China,East Asia,1326,,,MPD2023,,,,2011 international dollars,persons,GDP per capita multiplied by population
CHN,China,East Asia,1327,,,MPD2023,,,,2011 international dollars,persons,GDP per capita multiplied by population
CHN,China,East Asia,1328,,,MPD2023,,,,2011 international dollars,persons,GDP per capita multiplied by population
CHN,China,East Asia,1329,,,MPD2023,,,,2011 international dollars,persons,GDP per capita multiplied by population
CHN,China,East Asia,1330,,,MPD2023,,,,2011 international dollars,persons,GDP per capita multiplied by population
CHN,China,East Asia,1331,,,MPD2023,,,,2011 international dollars,persons,GDP per capita multiplied by population
CHN,China,East Asia,1332,,,MPD2023,,,,2011 international dollars,persons,GDP per capita multiplied by population
CHN,China,East Asia,1333,,,MPD2023,,,,2011 international dollars,persons,GDP per capita multiplied by population
CHN,China,East Asia,1334,,,MPD2023,,,,2011 international dollars,persons,GDP per capita multiplied by population
CHN,China,East Asia,1335,,,MPD2023,,,,2011 international dollars,persons,GDP per capita multiplied by population
CHN,China,East Asia,1336,,,MPD2023,,,,2011 international dollars,persons,GDP per capita multiplied by population
CHN,China,East Asia,1337,,,MPD2023,,,,2011 international dollars,persons,GDP per capita multiplied by population
CHN,China,East Asia,1338,,,MPD2023,,,,2011 international dollars,persons,GDP per capita multiplied by population
CHN,China,East Asia,1339,,,MPD2023,,,,2011 international dollars,persons,GDP per capita multiplied by population
CHN,China,East Asia,1340,,,MPD2023,,,,2011 international dollars,persons,GDP per capita multiplied by population
CHN,China,East Asia,1341,,,MPD2023,,,,2011 international dollars,persons,GDP per capita multiplied by population
CHN,China,East Asia,1342,,,MPD2023,,,,2011 international dollars,persons,GDP per capita multiplied by population
CHN,China,East Asia,1343,,,MPD2023,,,,2011 international dollars,persons,GDP per capita multiplied by population
CHN,China,East Asia,1344,,,MPD2023,,,,2011 international dollars,persons,GDP per capita multiplied by population
CHN,China,East Asia,1345,,,MPD2023,,,,2011 international dollars,persons,GDP per capita multiplied by population
CHN,China,East Asia,1346,,,MPD2023,,,,2011 international dollars,persons,GDP per capita multiplied by population
CHN,China,East Asia,1347,,,MPD2023,,,,2011 international dollars,persons,GDP per capita multiplied by population
CHN,China,East Asia,1348,,,MPD2023,,,,2011 international dollars,persons,GDP per capita multiplied by population
CHN,China,East Asia,1349,,,MPD2023,,,,2011 international dollars,persons,GDP per capita multiplied by population
CHN,China,East Asia,1350,,,MPD2023,,,,2011 international dollars,persons,GDP per capita multiplied by population
CHN,China,East Asia,1351,,,MPD2023,,,,2011 international dollars,persons,GDP per capita multiplied by population
CHN,China,East Asia,1352,,,MPD2023,,,,2011 international dollars,persons,GDP per capita multiplied by population
CHN,China,East Asia,1353,,,MPD2023,,,,2011 international dollars,persons,GDP per capita multiplied by population
CHN,China,East Asia,1354,,,MPD2023,,,,2011 international dollars,persons,GDP per capita multiplied by population
CHN,China,East Asia,1355,,,MPD2023,,,,2011 international dollars,persons,GDP per capita multiplied by population
CHN,China,East Asia,1356,,,MPD2023,,,,2011 international dollars,persons,GDP per capita multiplied by population
CHN,China,East Asia,1357,,,MPD2023,,,,2011 international dollars,persons,GDP per capita multiplied by population
CHN,China,East Asia,1358,,,MPD2023,,,,2011 international dollars,persons,GDP per capita multiplied by population
CHN,China,East Asia,1359,,,MPD2023,,,,2011 international dollars,persons,GDP per capita multiplied by population
CHN,China,East Asia,1360,,,MPD2023,,,,2011 international dollars,persons,GDP per capita multiplied by population
CHN,China,East Asia,1361,,,MPD2023,,,,2011 international dollars,persons,GDP per capita multiplied by population
CHN,China,East Asia,1362,,,MPD2023,,,,2011 international dollars,persons,GDP per capita multiplied by population
CHN,China,East Asia,1363,,,MPD2023,,,,2011 international dollars,persons,GDP per capita multiplied by population
CHN,China,East Asia,1364,,,MPD2023,,,,2011 international dollars,persons,GDP per capita multiplied by population
CHN,China,East Asia,1365,,,MPD2023,,,,2011 international dollars,persons,GDP per capita multiplied by population
CHN,China,East Asia,1366,,,MPD2023,,,,2011 international dollars,persons,GDP per capita multiplied by population
CHN,China,East Asia,1367,,,MPD2023,,,,2011 international dollars,persons,GDP per capita multiplied by population
CHN,China,East Asia,1368,,,MPD2023,,,,2011 international dollars,persons,GDP per capita multiplied by population
CHN,China,East Asia,1369,,,MPD2023,,,,2011 international dollars,persons,GDP per capita multiplied by population
CHN,China,East Asia,1370,,,MPD2023,,,,2011 international dollars,persons,GDP per capita multiplied by population
CHN,China,East Asia,1371,,,MPD2023,,,,2011 international dollars,persons,GDP per capita multiplied by population
CHN,China,East Asia,1372,,,MPD2023,,,,2011 international dollars,persons,GDP per capita multiplied by population
CHN,China,East Asia,1373,,,MPD2023,,,,2011 international dollars,persons,GDP per capita multiplied by population
CHN,China,East Asia,1374,,,MPD2023,,,,2011 international dollars,persons,GDP per capita multiplied by population
CHN,China,East Asia,1375,,,MPD2023,,,,2011 international dollars,persons,GDP per capita multiplied by population
CHN,China,East Asia,1376,,,MPD2023,,,,2011 international dollars,persons,GDP per capita multiplied by population
CHN,China,East Asia,1377,,,MPD2023,,,,2011 international dollars,persons,GDP per capita multiplied by population
CHN,China,East Asia,1378,,,MPD2023,,,,2011 international dollars,persons,GDP per capita multiplied by population
CHN,China,East Asia,1379,,,MPD2023,,,,2011 international dollars,persons,GDP per capita multiplied by population
CHN,China,East Asia,1380,,,MPD2023,,,,2011 international dollars,persons,GDP per capita multiplied by population
CHN,China,East Asia,1381,,,MPD2023,,,,2011 international dollars,persons,GDP per capita multiplied by population
CHN,China,East Asia,1382,,,MPD2023,,,,2011 international dollars,persons,GDP per capita multiplied by population
CHN,China,East Asia,1383,,,MPD2023,,,,2011 international dollars,persons,GDP per capita multiplied by population
CHN,China,East Asia,1384,,,MPD2023,,,,2011 international dollars,persons,GDP per capita multiplied by population
CHN,China,East Asia,1385,,,MPD2023,,,,2011 international dollars,persons,GDP per capita multiplied by population
CHN,China,East Asia,1386,,,MPD2023,,,,2011 international dollars,persons,GDP per capita multiplied by population
CHN,China,East Asia,1387,,,MPD2023,,,,2011 international dollars,persons,GDP per capita multiplied by population
CHN,China,East Asia,1388,,,MPD2023,,,,2011 international dollars,persons,GDP per capita multiplied by population
CHN,China,East Asia,1389,,,MPD2023,,,,2011 international dollars,persons,GDP per capita multiplied by population
CHN,China,East Asia,1390,,,MPD2023,,,,2011 international dollars,persons,GDP per capita multiplied by population
CHN,China,East Asia,1391,,,MPD2023,,,,2011 international dollars,persons,GDP per capita multiplied by population
CHN,China,East Asia,1392,,,MPD2023,,,,2011 international dollars,persons,GDP per capita multiplied by population
CHN,China,East Asia,1393,,,MPD2023,,,,2011 international dollars,persons,GDP per capita multiplied by population
CHN,China,East Asia,1394,,,MPD2023,,,,2011 international dollars,persons,GDP per capita multiplied by population
CHN,China,East Asia,1395,,,MPD2023,,,,2011 international dollars,persons,GDP per capita multiplied by population
CHN,China,East Asia,1396,,,MPD2023,,,,2011 international dollars,persons,GDP per capita multiplied by population
CHN,China,East Asia,1397,,,MPD2023,,,,2011 international dollars,persons,GDP per capita multiplied by population
CHN,China,East Asia,1398,,,MPD2023,,,,2011 international dollars,persons,GDP per capita multiplied by population
CHN,China,East Asia,1399,,,MPD2023,,,,2011 international dollars,persons,GDP per capita multiplied by population
CHN,China,East Asia,1400,1404.246,,MPD2023,1404.246,,,2011 international dollars,persons,GDP per capita multiplied by population
CHN,China,East Asia,1401,,,MPD2023,,,,2011 international dollars,persons,GDP per capita multiplied by population
CHN,China,East Asia,1402,,,MPD2023,,,,2011 international dollars,persons,GDP per capita multiplied by population
CHN,China,East Asia,1403,,,MPD2023,,,,2011 international dollars,persons,GDP per capita multiplied by population
CHN,China,East Asia,1404,,,MPD2023,,,,2011 international dollars,persons,GDP per capita multiplied by population
CHN,China,East Asia,1405,,,MPD2023,,,,2011 international dollars,persons,GDP per capita multiplied by population
CHN,China,East Asia,1406,,,MPD2023,,,,2011 international dollars,persons,GDP per capita multiplied by population
CHN,China,East Asia,1407,,,MPD2023,,,,2011 international dollars,persons,GDP per capita multiplied by population
CHN,China,East Asia,1408,,,MPD2023,,,,2011 international dollars,persons,GDP per capita multiplied by population
CHN,China,East Asia,1409,,,MPD2023,,,,2011 international dollars,persons,GDP per capita multiplied by population
CHN,China,East Asia,1410,1414.0,,MPD2023,1414.0,,,2011 international dollars,persons,GDP per capita multiplied by population
CHN,China,East Asia,1411,,,MPD2023,,,,2011 international dollars,persons,GDP per capita multiplied by population
CHN,China,East Asia,1412,,,MPD2023,,,,2011 international dollars,persons,GDP per capita multiplied by population
CHN,China,East Asia,1413,,,MPD2023,,,,2011 international dollars,persons,GDP per capita multiplied by population
CHN,China,East Asia,1414,,,MPD2023,,,,2011 international dollars,persons,GDP per capita multiplied by population
CHN,China,East Asia,1415,,,MPD2023,,,,2011 international dollars,persons,GDP per capita multiplied by population
CHN,China,East Asia,1416,,,MPD2023,,,,2011 international dollars,persons,GDP per capita multiplied by population
CHN,China,East Asia,1417,,,MPD2023,,,,2011 international dollars,persons,GDP per capita multiplied by population
CHN,China,East Asia,1418,,,MPD2023,,,,2011 international dollars,persons,GDP per capita multiplied by population
CHN,China,East Asia,1419,,,MPD2023,,,,2011 international dollars,persons,GDP per capita multiplied by population
CHN,China,East Asia,1420,1412.0,,MPD2023,1412.0,,,2011 international dollars,persons,GDP per capita multiplied by population
CHN,China,East Asia,1421,,,MPD2023,,,,2011 international dollars,persons,GDP per capita multiplied by population
CHN,China,East Asia,1422,,,MPD2023,,,,2011 international dollars,persons,GDP per capita multiplied by population
CHN,China,East Asia,1423,,,MPD2023,,,,2011 international dollars,persons,GDP per capita multiplied by population
CHN,China,East Asia,1424,,,MPD2023,,,,2011 international dollars,persons,GDP per capita multiplied by population
CHN,China,East Asia,1425,,,MPD2023,,,,2011 international dollars,persons,GDP per capita multiplied by population
CHN,China,East Asia,1426,,,MPD2023,,,,2011 international dollars,persons,GDP per capita multiplied by population
CHN,China,East Asia,1427,,,MPD2023,,,,2011 international dollars,persons,GDP per capita multiplied by population
CHN,China,East Asia,1428,,,MPD2023,,,,2011 international dollars,persons,GDP per capita multiplied by population
CHN,China,East Asia,1429,,,MPD2023,,,,2011 international dollars,persons,GDP per capita multiplied by population
CHN,China,East Asia,1430,1498.0,,MPD2023,1498.0,,,2011 international dollars,persons,GDP per capita multiplied by population
CHN,China,East Asia,1431,,,MPD2023,,,,2011 international dollars,persons,GDP per capita multiplied by population
CHN,China,East Asia,1432,,,MPD2023,,,,2011 international dollars,persons,GDP per capita multiplied by population
CHN,China,East Asia,1433,,,MPD2023,,,,2011 international dollars,persons,GDP per capita multiplied by population
CHN,China,East Asia,1434,,,MPD2023,,,,2011 international dollars,persons,GDP per capita multiplied by population
CHN,China,East Asia,1435,,,MPD2023,,,,2011 international dollars,persons,GDP per capita multiplied by population
CHN,China,East Asia,1436,,,MPD2023,,,,2011 international dollars,persons,GDP per capita multiplied by population
CHN,China,East Asia,1437,,,MPD2023,,,,2011 international dollars,persons,GDP per capita multiplied by population
CHN,China,East Asia,1438,,,MPD2023,,,,2011 international dollars,persons,GDP per capita multiplied by population
CHN,China,East Asia,1439,,,MPD2023,,,,2011 international dollars,persons,GDP per capita multiplied by population
CHN,China,East Asia,1440,1458.0,,MPD2023,1458.0,,,2011 international dollars,persons,GDP per capita multiplied by population
CHN,China,East Asia,1441,,,MPD2023,,,,2011 international dollars,persons,GDP per capita multiplied by population
CHN,China,East Asia,1442,,,MPD2023,,,,2011 international dollars,persons,GDP per capita multiplied by population
CHN,China,East Asia,1443,,,MPD2023,,,,2011 international dollars,persons,GDP per capita multiplied by population
CHN,China,East Asia,1444,,,MPD2023,,,,2011 international dollars,persons,GDP per capita multiplied by population
CHN,China,East Asia,1445,,,MPD2023,,,,2011 international dollars,persons,GDP per capita multiplied by population
CHN,China,East Asia,1446,,,MPD2023,,,,2011 international dollars,persons,GDP per capita multiplied by population
CHN,China,East Asia,1447,,,MPD2023,,,,2011 international dollars,persons,GDP per capita multiplied by population
CHN,China,East Asia,1448,,,MPD2023,,,,2011 international dollars,persons,GDP per capita multiplied by population
CHN,China,East Asia,1449,,,MPD2023,,,,2011 international dollars,persons,GDP per capita multiplied by population
CHN,China,East Asia,1450,1375.38,,MPD2023,1375.38,,,2011 international dollars,persons,GDP per capita multiplied by population
CHN,China,East Asia,1451,,,MPD2023,,,,2011 international dollars,persons,GDP per capita multiplied by population
CHN,China,East Asia,1452,,,MPD2023,,,,2011 international dollars,persons,GDP per capita multiplied by population
CHN,China,East Asia,1453,,,MPD2023,,,,2011 international dollars,persons,GDP per capita multiplied by population
CHN,China,East Asia,1454,,,MPD2023,,,,2011 international dollars,persons,GDP per capita multiplied by population
CHN,China,East Asia,1455,,,MPD2023,,,,2011 international dollars,persons,GDP per capita multiplied by population
CHN,China,East Asia,1456,,,MPD2023,,,,2011 international dollars,persons,GDP per capita multiplied by population
CHN,China,East Asia,1457,,,MPD2023,,,,2011 international dollars,persons,GDP per capita multiplied by population
CHN,China,East Asia,1458,,,MPD2023,,,,2011 international dollars,persons,GDP per capita multiplied by population
CHN,China,East Asia,1459,,,MPD2023,,,,2011 international dollars,persons,GDP per capita multiplied by population
CHN,China,East Asia,1460,1324.0,,MPD2023,1324.0,,,2011 international dollars,persons,GDP per capita multiplied by population
CHN,China,East Asia,1461,,,MPD2023,,,,2011 international dollars,persons,GDP per capita multiplied by population
CHN,China,East Asia,1462,,,MPD2023,,,,2011 international dollars,persons,GDP per capita multiplied by population
CHN,China,East Asia,1463,,,MPD2023,,,,2011 international dollars,persons,GDP per capita multiplied by population
CHN,China,East Asia,1464,,,MPD2023,,,,2011 international dollars,persons,GDP per capita multiplied by population
CHN,China,East Asia,1465,,,MPD2023,,,,2011 international dollars,persons,GDP per capita multiplied by population
CHN,China,East Asia,1466,,,MPD2023,,,,2011 international dollars,persons,GDP per capita multiplied by population
CHN,China,East Asia,1467,,,MPD2023,,,,2011 international dollars,persons,GDP per capita multiplied by population
CHN,China,East Asia,1468,,,MPD2023,,,,2011 international dollars,persons,GDP per capita multiplied by population
CHN,China,East Asia,1469,,,MPD2023,,,,2011 international dollars,persons,GDP per capita multiplied by population
CHN,China,East Asia,1470,1341.0,,MPD2023,1341.0,,,2011 international dollars,persons,GDP per capita multiplied by population
CHN,China,East Asia,1471,,,MPD2023,,,,2011 international dollars,persons,GDP per capita multiplied by population
CHN,China,East Asia,1472,,,MPD2023,,,,2011 international dollars,persons,GDP per capita multiplied by population
CHN,China,East Asia,1473,,,MPD2023,,,,2011 international dollars,persons,GDP per capita multiplied by population
CHN,China,East Asia,1474,,,MPD2023,,,,2011 international dollars,persons,GDP per capita multiplied by population
CHN,China,East Asia,1475,,,MPD2023,,,,2011 international dollars,persons,GDP per capita multiplied by population
CHN,China,East Asia,1476,,,MPD2023,,,,2011 international dollars,persons,GDP per capita multiplied by population
CHN,China,East Asia,1477,,,MPD2023,,,,2011 international dollars,persons,GDP per capita multiplied by population
CHN,China,East Asia,1478,,,MPD2023,,,,2011 international dollars,persons,GDP per capita multiplied by population
CHN,China,East Asia,1479,,,MPD2023,,,,2011 international dollars,persons,GDP per capita multiplied by population
CHN,China,East Asia,1480,1242.0,,MPD2023,1242.0,,,2011 international dollars,persons,GDP per capita multiplied by population
CHN,China,East Asia,1481,,,MPD2023,,,,2011 international dollars,persons,GDP per capita multiplied by population
CHN,China,East Asia,1482,,,MPD2023,,,,2011 international dollars,persons,GDP per capita multiplied by population
CHN,China,East Asia,1483,,,MPD2023,,,,2011 international dollars,persons,GDP per capita multiplied by population
CHN,China,East Asia,1484,,,MPD2023,,,,2011 international dollars,persons,GDP per capita multiplied by population
CHN,China,East Asia,1485,,,MPD2023,,,,2011 international dollars,persons,GDP per capita multiplied by population
CHN,China,East Asia,1486,,,MPD2023,,,,2011 international dollars,persons,GDP per capita multiplied by population
CHN,China,East Asia,1487,,,MPD2023,,,,2011 international dollars,persons,GDP per capita multiplied by population
CHN,China,East Asia,1488,,,MPD2023,,,,2011 international dollars,persons,GDP per capita multiplied by population
CHN,China,East Asia,1489,,,MPD2023,,,,2011 international dollars,persons,GDP per capita multiplied by population
CHN,China,East Asia,1490,1189.0,,MPD2023,1189.0,,,2011 international dollars,persons,GDP per capita multiplied by population
CHN,China,East Asia,1491,,,MPD2023,,,,2011 international dollars,persons,GDP per capita multiplied by population
CHN,China,East Asia,1492,,,MPD2023,,,,2011 international dollars,persons,GDP per capita multiplied by population
CHN,China,East Asia,1493,,,MPD2023,,,,2011 international dollars,persons,GDP per capita multiplied by population
CHN,China,East Asia,1494,,,MPD2023,,,,2011 international dollars,persons,GDP per capita multiplied by population
CHN,China,East Asia,1495,,,MPD2023,,,,2011 international dollars,persons,GDP per capita multiplied by population
CHN,China,East Asia,1496,,,MPD2023,,,,2011 international dollars,persons,GDP per capita multiplied by population
CHN,China,East Asia,1497,,,MPD2023,,,,2011 international dollars,persons,GDP per capita multiplied by population
CHN,China,East Asia,1498,,,MPD2023,,,,2011 international dollars,persons,GDP per capita multiplied by population
CHN,China,East Asia,1499,,,MPD2023,,,,2011 international dollars,persons,GDP per capita multiplied by population
CHN,China,East Asia,1500,1207.278,103000.0,MPD2023,1207.278,103000000.0,124349634000.0,2011 international dollars,persons,GDP per capita multiplied by population
CHN,China,East Asia,1501,,,MPD2023,,,,2011 international dollars,persons,GDP per capita multiplied by population
CHN,China,East Asia,1502,,,MPD2023,,,,2011 international dollars,persons,GDP per capita multiplied by population
CHN,China,East Asia,1503,,,MPD2023,,,,2011 international dollars,persons,GDP per capita multiplied by population
CHN,China,East Asia,1504,,,MPD2023,,,,2011 international dollars,persons,GDP per capita multiplied by population
CHN,China,East Asia,1505,,,MPD2023,,,,2011 international dollars,persons,GDP per capita multiplied by population
CHN,China,East Asia,1506,,,MPD2023,,,,2011 international dollars,persons,GDP per capita multiplied by population
CHN,China,East Asia,1507,,,MPD2023,,,,2011 international dollars,persons,GDP per capita multiplied by population
CHN,China,East Asia,1508,,,MPD2023,,,,2011 international dollars,persons,GDP per capita multiplied by population
CHN,China,East Asia,1509,,,MPD2023,,,,2011 international dollars,persons,GDP per capita multiplied by population
CHN,China,East Asia,1510,1274.0,,MPD2023,1274.0,,,2011 international dollars,persons,GDP per capita multiplied by population
CHN,China,East Asia,1511,,,MPD2023,,,,2011 international dollars,persons,GDP per capita multiplied by population
CHN,China,East Asia,1512,,,MPD2023,,,,2011 international dollars,persons,GDP per capita multiplied by population
CHN,China,East Asia,1513,,,MPD2023,,,,2011 international dollars,persons,GDP per capita multiplied by population
CHN,China,East Asia,1514,,,MPD2023,,,,2011 international dollars,persons,GDP per capita multiplied by population
CHN,China,East Asia,1515,,,MPD2023,,,,2011 international dollars,persons,GDP per capita multiplied by population
CHN,China,East Asia,1516,,,MPD2023,,,,2011 international dollars,persons,GDP per capita multiplied by population
CHN,China,East Asia,1517,,,MPD2023,,,,2011 international dollars,persons,GDP per capita multiplied by population
CHN,China,East Asia,1518,,,MPD2023,,,,2011 international dollars,persons,GDP per capita multiplied by population
CHN,China,East Asia,1519,,,MPD2023,,,,2011 international dollars,persons,GDP per capita multiplied by population
CHN,China,East Asia,1520,1166.0,,MPD2023,1166.0,,,2011 international dollars,persons,GDP per capita multiplied by population
CHN,China,East Asia,1521,,,MPD2023,,,,2011 international dollars,persons,GDP per capita multiplied by population
CHN,China,East Asia,1522,,,MPD2023,,,,2011 international dollars,persons,GDP per capita multiplied by population
CHN,China,East Asia,1523,,,MPD2023,,,,2011 international dollars,persons,GDP per capita multiplied by population
CHN,China,East Asia,1524,,,MPD2023,,,,2011 international dollars,persons,GDP per capita multiplied by population
CHN,China,East Asia,1525,,,MPD2023,,,,2011 international dollars,persons,GDP per capita multiplied by population
CHN,China,East Asia,1526,,,MPD2023,,,,2011 international dollars,persons,GDP per capita multiplied by population
CHN,China,East Asia,1527,,,MPD2023,,,,2011 international dollars,persons,GDP per capita multiplied by population
CHN,China,East Asia,1528,,,MPD2023,,,,2011 international dollars,persons,GDP per capita multiplied by population
CHN,China,East Asia,1529,,,MPD2023,,,,2011 international dollars,persons,GDP per capita multiplied by population
CHN,China,East Asia,1530,1187.0,,MPD2023,1187.0,,,2011 international dollars,persons,GDP per capita multiplied by population
CHN,China,East Asia,1531,,,MPD2023,,,,2011 international dollars,persons,GDP per capita multiplied by population
CHN,China,East Asia,1532,,,MPD2023,,,,2011 international dollars,persons,GDP per capita multiplied by population
CHN,China,East Asia,1533,,,MPD2023,,,,2011 international dollars,persons,GDP per capita multiplied by population
CHN,China,East Asia,1534,,,MPD2023,,,,2011 international dollars,persons,GDP per capita multiplied by population
CHN,China,East Asia,1535,,,MPD2023,,,,2011 international dollars,persons,GDP per capita multiplied by population
CHN,China,East Asia,1536,,,MPD2023,,,,2011 international dollars,persons,GDP per capita multiplied by population
CHN,China,East Asia,1537,,,MPD2023,,,,2011 international dollars,persons,GDP per capita multiplied by population
CHN,China,East Asia,1538,,,MPD2023,,,,2011 international dollars,persons,GDP per capita multiplied by population
CHN,China,East Asia,1539,,,MPD2023,,,,2011 international dollars,persons,GDP per capita multiplied by population
CHN,China,East Asia,1540,1193.0,,MPD2023,1193.0,,,2011 international dollars,persons,GDP per capita multiplied by population
CHN,China,East Asia,1541,,,MPD2023,,,,2011 international dollars,persons,GDP per capita multiplied by population
CHN,China,East Asia,1542,,,MPD2023,,,,2011 international dollars,persons,GDP per capita multiplied by population
CHN,China,East Asia,1543,,,MPD2023,,,,2011 international dollars,persons,GDP per capita multiplied by population
CHN,China,East Asia,1544,,,MPD2023,,,,2011 international dollars,persons,GDP per capita multiplied by population
CHN,China,East Asia,1545,,,MPD2023,,,,2011 international dollars,persons,GDP per capita multiplied by population
CHN,China,East Asia,1546,,,MPD2023,,,,2011 international dollars,persons,GDP per capita multiplied by population
CHN,China,East Asia,1547,,,MPD2023,,,,2011 international dollars,persons,GDP per capita multiplied by population
CHN,China,East Asia,1548,,,MPD2023,,,,2011 international dollars,persons,GDP per capita multiplied by population
CHN,China,East Asia,1549,,,MPD2023,,,,2011 international dollars,persons,GDP per capita multiplied by population
CHN,China,East Asia,1550,1195.0,,MPD2023,1195.0,,,2011 international dollars,persons,GDP per capita multiplied by population
CHN,China,East Asia,1551,,,MPD2023,,,,2011 international dollars,persons,GDP per capita multiplied by population
CHN,China,East Asia,1552,,,MPD2023,,,,2011 international dollars,persons,GDP per capita multiplied by population
CHN,China,East Asia,1553,,,MPD2023,,,,2011 international dollars,persons,GDP per capita multiplied by population
CHN,China,East Asia,1554,,,MPD2023,,,,2011 international dollars,persons,GDP per capita multiplied by population
CHN,China,East Asia,1555,,,MPD2023,,,,2011 international dollars,persons,GDP per capita multiplied by population
CHN,China,East Asia,1556,,,MPD2023,,,,2011 international dollars,persons,GDP per capita multiplied by population
CHN,China,East Asia,1557,,,MPD2023,,,,2011 international dollars,persons,GDP per capita multiplied by population
CHN,China,East Asia,1558,,,MPD2023,,,,2011 international dollars,persons,GDP per capita multiplied by population
CHN,China,East Asia,1559,,,MPD2023,,,,2011 international dollars,persons,GDP per capita multiplied by population
CHN,China,East Asia,1560,1200.0,,MPD2023,1200.0,,,2011 international dollars,persons,GDP per capita multiplied by population
CHN,China,East Asia,1561,,,MPD2023,,,,2011 international dollars,persons,GDP per capita multiplied by population
CHN,China,East Asia,1562,,,MPD2023,,,,2011 international dollars,persons,GDP per capita multiplied by population
CHN,China,East Asia,1563,,,MPD2023,,,,2011 international dollars,persons,GDP per capita multiplied by population
CHN,China,East Asia,1564,,,MPD2023,,,,2011 international dollars,persons,GDP per capita multiplied by population
CHN,China,East Asia,1565,,,MPD2023,,,,2011 international dollars,persons,GDP per capita multiplied by population
CHN,China,East Asia,1566,,,MPD2023,,,,2011 international dollars,persons,GDP per capita multiplied by population
CHN,China,East Asia,1567,,,MPD2023,,,,2011 international dollars,persons,GDP per capita multiplied by population
CHN,China,East Asia,1568,,,MPD2023,,,,2011 international dollars,persons,GDP per capita multiplied by population
CHN,China,East Asia,1569,,,MPD2023,,,,2011 international dollars,persons,GDP per capita multiplied by population
CHN,China,East Asia,1570,1237.842,,MPD2023,1237.842,,,2011 international dollars,persons,GDP per capita multiplied by population
CHN,China,East Asia,1571,,,MPD2023,,,,2011 international dollars,persons,GDP per capita multiplied by population
CHN,China,East Asia,1572,,,MPD2023,,,,2011 international dollars,persons,GDP per capita multiplied by population
CHN,China,East Asia,1573,,,MPD2023,,,,2011 international dollars,persons,GDP per capita multiplied by population
CHN,China,East Asia,1574,,,MPD2023,,,,2011 international dollars,persons,GDP per capita multiplied by population
CHN,China,East Asia,1575,,,MPD2023,,,,2011 international dollars,persons,GDP per capita multiplied by population
CHN,China,East Asia,1576,,,MPD2023,,,,2011 international dollars,persons,GDP per capita multiplied by population
CHN,China,East Asia,1577,,,MPD2023,,,,2011 international dollars,persons,GDP per capita multiplied by population
CHN,China,East Asia,1578,,,MPD2023,,,,2011 international dollars,persons,GDP per capita multiplied by population
CHN,China,East Asia,1579,,,MPD2023,,,,2011 international dollars,persons,GDP per capita multiplied by population
CHN,China,East Asia,1580,1217.0,,MPD2023,1217.0,,,2011 international dollars,persons,GDP per capita multiplied by population
CHN,China,East Asia,1581,,,MPD2023,,,,2011 international dollars,persons,GDP per capita multiplied by population
CHN,China,East Asia,1582,,,MPD2023,,,,2011 international dollars,persons,GDP per capita multiplied by population
CHN,China,East Asia,1583,,,MPD2023,,,,2011 international dollars,persons,GDP per capita multiplied by population
CHN,China,East Asia,1584,,,MPD2023,,,,2011 international dollars,persons,GDP per capita multiplied by population
CHN,China,East Asia,1585,,,MPD2023,,,,2011 international dollars,persons,GDP per capita multiplied by population
CHN,China,East Asia,1586,,,MPD2023,,,,2011 international dollars,persons,GDP per capita multiplied by population
CHN,China,East Asia,1587,,,MPD2023,,,,2011 international dollars,persons,GDP per capita multiplied by population
CHN,China,East Asia,1588,,,MPD2023,,,,2011 international dollars,persons,GDP per capita multiplied by population
CHN,China,East Asia,1589,,,MPD2023,,,,2011 international dollars,persons,GDP per capita multiplied by population
CHN,China,East Asia,1590,1217.0,,MPD2023,1217.0,,,2011 international dollars,persons,GDP per capita multiplied by population
CHN,China,East Asia,1591,,,MPD2023,,,,2011 international dollars,persons,GDP per capita multiplied by population
CHN,China,East Asia,1592,,,MPD2023,,,,2011 international dollars,persons,GDP per capita multiplied by population
CHN,China,East Asia,1593,,,MPD2023,,,,2011 international dollars,persons,GDP per capita multiplied by population
CHN,China,East Asia,1594,,,MPD2023,,,,2011 international dollars,persons,GDP per capita multiplied by population
CHN,China,East Asia,1595,,,MPD2023,,,,2011 international dollars,persons,GDP per capita multiplied by population
CHN,China,East Asia,1596,,,MPD2023,,,,2011 international dollars,persons,GDP per capita multiplied by population
CHN,China,East Asia,1597,,,MPD2023,,,,2011 international dollars,persons,GDP per capita multiplied by population
CHN,China,East Asia,1598,,,MPD2023,,,,2011 international dollars,persons,GDP per capita multiplied by population
CHN,China,East Asia,1599,,,MPD2023,,,,2011 international dollars,persons,GDP per capita multiplied by population
CHN,China,East Asia,1600,1217.4660000000001,160000.0,MPD2023,1217.4660000000001,160000000.0,194794560000.00003,2011 international dollars,persons,GDP per capita multiplied by population
CHN,China,East Asia,1601,,,MPD2023,,,,2011 international dollars,persons,GDP per capita multiplied by population
CHN,China,East Asia,1602,,,MPD2023,,,,2011 international dollars,persons,GDP per capita multiplied by population
CHN,China,East Asia,1603,,,MPD2023,,,,2011 international dollars,persons,GDP per capita multiplied by population
CHN,China,East Asia,1604,,,MPD2023,,,,2011 international dollars,persons,GDP per capita multiplied by population
CHN,China,East Asia,1605,,,MPD2023,,,,2011 international dollars,persons,GDP per capita multiplied by population
CHN,China,East Asia,1606,,,MPD2023,,,,2011 international dollars,persons,GDP per capita multiplied by population
CHN,China,East Asia,1607,,,MPD2023,,,,2011 international dollars,persons,GDP per capita multiplied by population
CHN,China,East Asia,1608,,,MPD2023,,,,2011 international dollars,persons,GDP per capita multiplied by population
CHN,China,East Asia,1609,,,MPD2023,,,,2011 international dollars,persons,GDP per capita multiplied by population
CHN,China,East Asia,1610,1282.0,,MPD2023,1282.0,,,2011 international dollars,persons,GDP per capita multiplied by population
CHN,China,East Asia,1611,,,MPD2023,,,,2011 international dollars,persons,GDP per capita multiplied by population
CHN,China,East Asia,1612,,,MPD2023,,,,2011 international dollars,persons,GDP per capita multiplied by population
CHN,China,East Asia,1613,,,MPD2023,,,,2011 international dollars,persons,GDP per capita multiplied by population
CHN,China,East Asia,1614,,,MPD2023,,,,2011 international dollars,persons,GDP per capita multiplied by population
CHN,China,East Asia,1615,,,MPD2023,,,,2011 international dollars,persons,GDP per capita multiplied by population
CHN,China,East Asia,1616,,,MPD2023,,,,2011 international dollars,persons,GDP per capita multiplied by population
CHN,China,East Asia,1617,,,MPD2023,,,,2011 international dollars,persons,GDP per capita multiplied by population
CHN,China,East Asia,1618,,,MPD2023,,,,2011 international dollars,persons,GDP per capita multiplied by population
CHN,China,East Asia,1619,,,MPD2023,,,,2011 international dollars,persons,GDP per capita multiplied by population
CHN,China,East Asia,1620,1262.0,,MPD2023,1262.0,,,2011 international dollars,persons,GDP per capita multiplied by population
CHN,China,East Asia,1621,,,MPD2023,,,,2011 international dollars,persons,GDP per capita multiplied by population
CHN,China,East Asia,1622,,,MPD2023,,,,2011 international dollars,persons,GDP per capita multiplied by population
CHN,China,East Asia,1623,,,MPD2023,,,,2011 international dollars,persons,GDP per capita multiplied by population
CHN,China,East Asia,1624,,,MPD2023,,,,2011 international dollars,persons,GDP per capita multiplied by population
CHN,China,East Asia,1625,,,MPD2023,,,,2011 international dollars,persons,GDP per capita multiplied by population
CHN,China,East Asia,1626,,,MPD2023,,,,2011 international dollars,persons,GDP per capita multiplied by population
CHN,China,East Asia,1627,,,MPD2023,,,,2011 international dollars,persons,GDP per capita multiplied by population
CHN,China,East Asia,1628,,,MPD2023,,,,2011 international dollars,persons,GDP per capita multiplied by population
CHN,China,East Asia,1629,,,MPD2023,,,,2011 international dollars,persons,GDP per capita multiplied by population
CHN,China,East Asia,1630,,,MPD2023,,,,2011 international dollars,persons,GDP per capita multiplied by population
CHN,China,East Asia,1631,,,MPD2023,,,,2011 international dollars,persons,GDP per capita multiplied by population
CHN,China,East Asia,1632,,,MPD2023,,,,2011 international dollars,persons,GDP per capita multiplied by population
CHN,China,East Asia,1633,,,MPD2023,,,,2011 international dollars,persons,GDP per capita multiplied by population
CHN,China,East Asia,1634,,,MPD2023,,,,2011 international dollars,persons,GDP per capita multiplied by population
CHN,China,East Asia,1635,,,MPD2023,,,,2011 international dollars,persons,GDP per capita multiplied by population
CHN,China,East Asia,1636,,,MPD2023,,,,2011 international dollars,persons,GDP per capita multiplied by population
CHN,China,East Asia,1637,,,MPD2023,,,,2011 international dollars,persons,GDP per capita multiplied by population
CHN,China,East Asia,1638,,,MPD2023,,,,2011 international dollars,persons,GDP per capita multiplied by population
CHN,China,East Asia,1639,,,MPD2023,,,,2011 international dollars,persons,GDP per capita multiplied by population
CHN,China,East Asia,1640,,,MPD2023,,,,2011 international dollars,persons,GDP per capita multiplied by population
CHN,China,East Asia,1641,,,MPD2023,,,,2011 international dollars,persons,GDP per capita multiplied by population
CHN,China,East Asia,1642,,,MPD2023,,,,2011 international dollars,persons,GDP per capita multiplied by population
CHN,China,East Asia,1643,,,MPD2023,,,,2011 international dollars,persons,GDP per capita multiplied by population
CHN,China,East Asia,1644,,,MPD2023,,,,2011 international dollars,persons,GDP per capita multiplied by population
CHN,China,East Asia,1645,,,MPD2023,,,,2011 international dollars,persons,GDP per capita multiplied by population
CHN,China,East Asia,1646,,,MPD2023,,,,2011 international dollars,persons,GDP per capita multiplied by population
CHN,China,East Asia,1647,,,MPD2023,,,,2011 international dollars,persons,GDP per capita multiplied by population
CHN,China,East Asia,1648,,,MPD2023,,,,2011 international dollars,persons,GDP per capita multiplied by population
CHN,China,East Asia,1649,,,MPD2023,,,,2011 international dollars,persons,GDP per capita multiplied by population
CHN,China,East Asia,1650,,,MPD2023,,,,2011 international dollars,persons,GDP per capita multiplied by population
CHN,China,East Asia,1651,,,MPD2023,,,,2011 international dollars,persons,GDP per capita multiplied by population
CHN,China,East Asia,1652,,,MPD2023,,,,2011 international dollars,persons,GDP per capita multiplied by population
CHN,China,East Asia,1653,,,MPD2023,,,,2011 international dollars,persons,GDP per capita multiplied by population
CHN,China,East Asia,1654,,,MPD2023,,,,2011 international dollars,persons,GDP per capita multiplied by population
CHN,China,East Asia,1655,,,MPD2023,,,,2011 international dollars,persons,GDP per capita multiplied by population
CHN,China,East Asia,1656,,,MPD2023,,,,2011 international dollars,persons,GDP per capita multiplied by population
CHN,China,East Asia,1657,,,MPD2023,,,,2011 international dollars,persons,GDP per capita multiplied by population
CHN,China,East Asia,1658,,,MPD2023,,,,2011 international dollars,persons,GDP per capita multiplied by population
CHN,China,East Asia,1659,,,MPD2023,,,,2011 international dollars,persons,GDP per capita multiplied by population
CHN,China,East Asia,1660,,,MPD2023,,,,2011 international dollars,persons,GDP per capita multiplied by population
CHN,China,East Asia,1661,1330.0,,MPD2023,1330.0,,,2011 international dollars,persons,GDP per capita multiplied by population
CHN,China,East Asia,1662,,,MPD2023,,,,2011 international dollars,persons,GDP per capita multiplied by population
CHN,China,East Asia,1663,,,MPD2023,,,,2011 international dollars,persons,GDP per capita multiplied by population
CHN,China,East Asia,1664,,,MPD2023,,,,2011 international dollars,persons,GDP per capita multiplied by population
CHN,China,East Asia,1665,,,MPD2023,,,,2011 international dollars,persons,GDP per capita multiplied by population
CHN,China,East Asia,1666,,,MPD2023,,,,2011 international dollars,persons,GDP per capita multiplied by population
CHN,China,East Asia,1667,,,MPD2023,,,,2011 international dollars,persons,GDP per capita multiplied by population
CHN,China,East Asia,1668,,,MPD2023,,,,2011 international dollars,persons,GDP per capita multiplied by population
CHN,China,East Asia,1669,,,MPD2023,,,,2011 international dollars,persons,GDP per capita multiplied by population
CHN,China,East Asia,1670,,,MPD2023,,,,2011 international dollars,persons,GDP per capita multiplied by population
CHN,China,East Asia,1671,,,MPD2023,,,,2011 international dollars,persons,GDP per capita multiplied by population
CHN,China,East Asia,1672,,,MPD2023,,,,2011 international dollars,persons,GDP per capita multiplied by population
CHN,China,East Asia,1673,,,MPD2023,,,,2011 international dollars,persons,GDP per capita multiplied by population
CHN,China,East Asia,1674,,,MPD2023,,,,2011 international dollars,persons,GDP per capita multiplied by population
CHN,China,East Asia,1675,,,MPD2023,,,,2011 international dollars,persons,GDP per capita multiplied by population
CHN,China,East Asia,1676,,,MPD2023,,,,2011 international dollars,persons,GDP per capita multiplied by population
CHN,China,East Asia,1677,,,MPD2023,,,,2011 international dollars,persons,GDP per capita multiplied by population
CHN,China,East Asia,1678,,,MPD2023,,,,2011 international dollars,persons,GDP per capita multiplied by population
CHN,China,East Asia,1679,,,MPD2023,,,,2011 international dollars,persons,GDP per capita multiplied by population
CHN,China,East Asia,1680,,,MPD2023,,,,2011 international dollars,persons,GDP per capita multiplied by population
CHN,China,East Asia,1681,,,MPD2023,,,,2011 international dollars,persons,GDP per capita multiplied by population
CHN,China,East Asia,1682,,,MPD2023,,,,2011 international dollars,persons,GDP per capita multiplied by population
CHN,China,East Asia,1683,,,MPD2023,,,,2011 international dollars,persons,GDP per capita multiplied by population
CHN,China,East Asia,1684,,,MPD2023,,,,2011 international dollars,persons,GDP per capita multiplied by population
CHN,China,East Asia,1685,1280.0,,MPD2023,1280.0,,,2011 international dollars,persons,GDP per capita multiplied by population
CHN,China,East Asia,1686,,,MPD2023,,,,2011 international dollars,persons,GDP per capita multiplied by population
CHN,China,East Asia,1687,,,MPD2023,,,,2011 international dollars,persons,GDP per capita multiplied by population
CHN,China,East Asia,1688,,,MPD2023,,,,2011 international dollars,persons,GDP per capita multiplied by population
CHN,China,East Asia,1689,,,MPD2023,,,,2011 international dollars,persons,GDP per capita multiplied by population
CHN,China,East Asia,1690,1413.0,,MPD2023,1413.0,,,2011 international dollars,persons,GDP per capita multiplied by population
CHN,China,East Asia,1691,,,MPD2023,,,,2011 international dollars,persons,GDP per capita multiplied by population
CHN,China,East Asia,1692,,,MPD2023,,,,2011 international dollars,persons,GDP per capita multiplied by population
CHN,China,East Asia,1693,,,MPD2023,,,,2011 international dollars,persons,GDP per capita multiplied by population
CHN,China,East Asia,1694,,,MPD2023,,,,2011 international dollars,persons,GDP per capita multiplied by population
CHN,China,East Asia,1695,,,MPD2023,,,,2011 international dollars,persons,GDP per capita multiplied by population
CHN,China,East Asia,1696,,,MPD2023,,,,2011 international dollars,persons,GDP per capita multiplied by population
CHN,China,East Asia,1697,,,MPD2023,,,,2011 international dollars,persons,GDP per capita multiplied by population
CHN,China,East Asia,1698,,,MPD2023,,,,2011 international dollars,persons,GDP per capita multiplied by population
CHN,China,East Asia,1699,,,MPD2023,,,,2011 international dollars,persons,GDP per capita multiplied by population
CHN,China,East Asia,1700,1542.633,138000.0,MPD2023,1542.633,138000000.0,212883354000.0,2011 international dollars,persons,GDP per capita multiplied by population
CHN,China,East Asia,1701,,,MPD2023,,,,2011 international dollars,persons,GDP per capita multiplied by population
CHN,China,East Asia,1702,,,MPD2023,,,,2011 international dollars,persons,GDP per capita multiplied by population
CHN,China,East Asia,1703,,,MPD2023,,,,2011 international dollars,persons,GDP per capita multiplied by population
CHN,China,East Asia,1704,,,MPD2023,,,,2011 international dollars,persons,GDP per capita multiplied by population
CHN,China,East Asia,1705,,,MPD2023,,,,2011 international dollars,persons,GDP per capita multiplied by population
CHN,China,East Asia,1706,,,MPD2023,,,,2011 international dollars,persons,GDP per capita multiplied by population
CHN,China,East Asia,1707,,,MPD2023,,,,2011 international dollars,persons,GDP per capita multiplied by population
CHN,China,East Asia,1708,,,MPD2023,,,,2011 international dollars,persons,GDP per capita multiplied by population
CHN,China,East Asia,1709,,,MPD2023,,,,2011 international dollars,persons,GDP per capita multiplied by population
CHN,China,East Asia,1710,1406.0,,MPD2023,1406.0,,,2011 international dollars,persons,GDP per capita multiplied by population
CHN,China,East Asia,1711,,,MPD2023,,,,2011 international dollars,persons,GDP per capita multiplied by population
CHN,China,East Asia,1712,,,MPD2023,,,,2011 international dollars,persons,GDP per capita multiplied by population
CHN,China,East Asia,1713,,,MPD2023,,,,2011 international dollars,persons,GDP per capita multiplied by population
CHN,China,East Asia,1714,,,MPD2023,,,,2011 international dollars,persons,GDP per capita multiplied by population
CHN,China,East Asia,1715,,,MPD2023,,,,2011 international dollars,persons,GDP per capita multiplied by population
CHN,China,East Asia,1716,,,MPD2023,,,,2011 international dollars,persons,GDP per capita multiplied by population
CHN,China,East Asia,1717,,,MPD2023,,,,2011 international dollars,persons,GDP per capita multiplied by population
CHN,China,East Asia,1718,,,MPD2023,,,,2011 international dollars,persons,GDP per capita multiplied by population
CHN,China,East Asia,1719,,,MPD2023,,,,2011 international dollars,persons,GDP per capita multiplied by population
CHN,China,East Asia,1720,1312.0,,MPD2023,1312.0,,,2011 international dollars,persons,GDP per capita multiplied by population
CHN,China,East Asia,1721,,,MPD2023,,,,2011 international dollars,persons,GDP per capita multiplied by population
CHN,China,East Asia,1722,,,MPD2023,,,,2011 international dollars,persons,GDP per capita multiplied by population
CHN,China,East Asia,1723,,,MPD2023,,,,2011 international dollars,persons,GDP per capita multiplied by population
CHN,China,East Asia,1724,1170.0,,MPD2023,1170.0,,,2011 international dollars,persons,GDP per capita multiplied by population
CHN,China,East Asia,1725,,,MPD2023,,,,2011 international dollars,persons,GDP per capita multiplied by population
CHN,China,East Asia,1726,,,MPD2023,,,,2011 international dollars,persons,GDP per capita multiplied by population
CHN,China,East Asia,1727,,,MPD2023,,,,2011 international dollars,persons,GDP per capita multiplied by population
CHN,China,East Asia,1728,,,MPD2023,,,,2011 international dollars,persons,GDP per capita multiplied by population
CHN,China,East Asia,1729,,,MPD2023,,,,2011 international dollars,persons,GDP per capita multiplied by population
CHN,China,East Asia,1730,1234.0,,MPD2023,1234.0,,,2011 international dollars,persons,GDP per capita multiplied by population
CHN,China,East Asia,1731,,,MPD2023,,,,2011 international dollars,persons,GDP per capita multiplied by population
CHN,China,East Asia,1732,,,MPD2023,,,,2011 international dollars,persons,GDP per capita multiplied by population
CHN,China,East Asia,1733,,,MPD2023,,,,2011 international dollars,persons,GDP per capita multiplied by population
CHN,China,East Asia,1734,,,MPD2023,,,,2011 international dollars,persons,GDP per capita multiplied by population
CHN,China,East Asia,1735,,,MPD2023,,,,2011 international dollars,persons,GDP per capita multiplied by population
CHN,China,East Asia,1736,,,MPD2023,,,,2011 international dollars,persons,GDP per capita multiplied by population
CHN,China,East Asia,1737,,,MPD2023,,,,2011 international dollars,persons,GDP per capita multiplied by population
CHN,China,East Asia,1738,,,MPD2023,,,,2011 international dollars,persons,GDP per capita multiplied by population
CHN,China,East Asia,1739,,,MPD2023,,,,2011 international dollars,persons,GDP per capita multiplied by population
CHN,China,East Asia,1740,1158.0,,MPD2023,1158.0,,,2011 international dollars,persons,GDP per capita multiplied by population
CHN,China,East Asia,1741,,,MPD2023,,,,2011 international dollars,persons,GDP per capita multiplied by population
CHN,China,East Asia,1742,,,MPD2023,,,,2011 international dollars,persons,GDP per capita multiplied by population
CHN,China,East Asia,1743,,,MPD2023,,,,2011 international dollars,persons,GDP per capita multiplied by population
CHN,China,East Asia,1744,,,MPD2023,,,,2011 international dollars,persons,GDP per capita multiplied by population
CHN,China,East Asia,1745,,,MPD2023,,,,2011 international dollars,persons,GDP per capita multiplied by population
CHN,China,East Asia,1746,,,MPD2023,,,,2011 international dollars,persons,GDP per capita multiplied by population
CHN,China,East Asia,1747,,,MPD2023,,,,2011 international dollars,persons,GDP per capita multiplied by population
CHN,China,East Asia,1748,,,MPD2023,,,,2011 international dollars,persons,GDP per capita multiplied by population
CHN,China,East Asia,1749,,,MPD2023,,,,2011 international dollars,persons,GDP per capita multiplied by population
CHN,China,East Asia,1750,1061.25,,MPD2023,1061.25,,,2011 international dollars,persons,GDP per capita multiplied by population
CHN,China,East Asia,1751,,,MPD2023,,,,2011 international dollars,persons,GDP per capita multiplied by population
CHN,China,East Asia,1752,,,MPD2023,,,,2011 international dollars,persons,GDP per capita multiplied by population
CHN,China,East Asia,1753,,,MPD2023,,,,2011 international dollars,persons,GDP per capita multiplied by population
CHN,China,East Asia,1754,,,MPD2023,,,,2011 international dollars,persons,GDP per capita multiplied by population
CHN,China,East Asia,1755,,,MPD2023,,,,2011 international dollars,persons,GDP per capita multiplied by population
CHN,China,East Asia,1756,,,MPD2023,,,,2011 international dollars,persons,GDP per capita multiplied by population
CHN,China,East Asia,1757,,,MPD2023,,,,2011 international dollars,persons,GDP per capita multiplied by population
CHN,China,East Asia,1758,,,MPD2023,,,,2011 international dollars,persons,GDP per capita multiplied by population
CHN,China,East Asia,1759,,,MPD2023,,,,2011 international dollars,persons,GDP per capita multiplied by population
CHN,China,East Asia,1760,1022.0,,MPD2023,1022.0,,,2011 international dollars,persons,GDP per capita multiplied by population
CHN,China,East Asia,1761,,,MPD2023,,,,2011 international dollars,persons,GDP per capita multiplied by population
CHN,China,East Asia,1762,,,MPD2023,,,,2011 international dollars,persons,GDP per capita multiplied by population
CHN,China,East Asia,1763,,,MPD2023,,,,2011 international dollars,persons,GDP per capita multiplied by population
CHN,China,East Asia,1764,,,MPD2023,,,,2011 international dollars,persons,GDP per capita multiplied by population
CHN,China,East Asia,1765,,,MPD2023,,,,2011 international dollars,persons,GDP per capita multiplied by population
CHN,China,East Asia,1766,991.0,,MPD2023,991.0,,,2011 international dollars,persons,GDP per capita multiplied by population
CHN,China,East Asia,1767,,,MPD2023,,,,2011 international dollars,persons,GDP per capita multiplied by population
CHN,China,East Asia,1768,,,MPD2023,,,,2011 international dollars,persons,GDP per capita multiplied by population
CHN,China,East Asia,1769,,,MPD2023,,,,2011 international dollars,persons,GDP per capita multiplied by population
CHN,China,East Asia,1770,998.0,,MPD2023,998.0,,,2011 international dollars,persons,GDP per capita multiplied by population
CHN,China,East Asia,1771,,,MPD2023,,,,2011 international dollars,persons,GDP per capita multiplied by population
CHN,China,East Asia,1772,,,MPD2023,,,,2011 international dollars,persons,GDP per capita multiplied by population
CHN,China,East Asia,1773,,,MPD2023,,,,2011 international dollars,persons,GDP per capita multiplied by population
CHN,China,East Asia,1774,,,MPD2023,,,,2011 international dollars,persons,GDP per capita multiplied by population
CHN,China,East Asia,1775,,,MPD2023,,,,2011 international dollars,persons,GDP per capita multiplied by population
CHN,China,East Asia,1776,,,MPD2023,,,,2011 international dollars,persons,GDP per capita multiplied by population
CHN,China,East Asia,1777,,,MPD2023,,,,2011 international dollars,persons,GDP per capita multiplied by population
CHN,China,East Asia,1778,,,MPD2023,,,,2011 international dollars,persons,GDP per capita multiplied by population
CHN,China,East Asia,1779,,,MPD2023,,,,2011 international dollars,persons,GDP per capita multiplied by population
CHN,China,East Asia,1780,981.0,,MPD2023,981.0,,,2011 international dollars,persons,GDP per capita multiplied by population
CHN,China,East Asia,1781,,,MPD2023,,,,2011 international dollars,persons,GDP per capita multiplied by population
CHN,China,East Asia,1782,,,MPD2023,,,,2011 international dollars,persons,GDP per capita multiplied by population
CHN,China,East Asia,1783,,,MPD2023,,,,2011 international dollars,persons,GDP per capita multiplied by population
CHN,China,East Asia,1784,,,MPD2023,,,,2011 international dollars,persons,GDP per capita multiplied by population
CHN,China,East Asia,1785,,,MPD2023,,,,2011 international dollars,persons,GDP per capita multiplied by population
CHN,China,East Asia,1786,,,MPD2023,,,,2011 international dollars,persons,GDP per capita multiplied by population
CHN,China,East Asia,1787,,,MPD2023,,,,2011 international dollars,persons,GDP per capita multiplied by population
CHN,China,East Asia,1788,,,MPD2023,,,,2011 international dollars,persons,GDP per capita multiplied by population
CHN,China,East Asia,1789,,,MPD2023,,,,2011 international dollars,persons,GDP per capita multiplied by population
CHN,China,East Asia,1790,955.0,,MPD2023,955.0,,,2011 international dollars,persons,GDP per capita multiplied by population
CHN,China,East Asia,1791,,,MPD2023,,,,2011 international dollars,persons,GDP per capita multiplied by population
CHN,China,East Asia,1792,,,MPD2023,,,,2011 international dollars,persons,GDP per capita multiplied by population
CHN,China,East Asia,1793,,,MPD2023,,,,2011 international dollars,persons,GDP per capita multiplied by population
CHN,China,East Asia,1794,,,MPD2023,,,,2011 international dollars,persons,GDP per capita multiplied by population
CHN,China,East Asia,1795,,,MPD2023,,,,2011 international dollars,persons,GDP per capita multiplied by population
CHN,China,East Asia,1796,,,MPD2023,,,,2011 international dollars,persons,GDP per capita multiplied by population
CHN,China,East Asia,1797,,,MPD2023,,,,2011 international dollars,persons,GDP per capita multiplied by population
CHN,China,East Asia,1798,,,MPD2023,,,,2011 international dollars,persons,GDP per capita multiplied by population
CHN,China,East Asia,1799,,,MPD2023,,,,2011 international dollars,persons,GDP per capita multiplied by population
CHN,China,East Asia,1800,926.259,,MPD2023,926.259,,,2011 international dollars,persons,GDP per capita multiplied by population
CHN,China,East Asia,1801,,,MPD2023,,,,2011 international dollars,persons,GDP per capita multiplied by population
CHN,China,East Asia,1802,,,MPD2023,,,,2011 international dollars,persons,GDP per capita multiplied by population
CHN,China,East Asia,1803,,,MPD2023,,,,2011 international dollars,persons,GDP per capita multiplied by population
CHN,China,East Asia,1804,,,MPD2023,,,,2011 international dollars,persons,GDP per capita multiplied by population
CHN,China,East Asia,1805,,,MPD2023,,,,2011 international dollars,persons,GDP per capita multiplied by population
CHN,China,East Asia,1806,,,MPD2023,,,,2011 international dollars,persons,GDP per capita multiplied by population
CHN,China,East Asia,1807,,,MPD2023,,,,2011 international dollars,persons,GDP per capita multiplied by population
CHN,China,East Asia,1808,,,MPD2023,,,,2011 international dollars,persons,GDP per capita multiplied by population
CHN,China,East Asia,1809,,,MPD2023,,,,2011 international dollars,persons,GDP per capita multiplied by population
CHN,China,East Asia,1810,901.0,,MPD2023,901.0,,,2011 international dollars,persons,GDP per capita multiplied by population
CHN,China,East Asia,1811,,,MPD2023,,,,2011 international dollars,persons,GDP per capita multiplied by population
CHN,China,East Asia,1812,,,MPD2023,,,,2011 international dollars,persons,GDP per capita multiplied by population
CHN,China,East Asia,1813,,,MPD2023,,,,2011 international dollars,persons,GDP per capita multiplied by population
CHN,China,East Asia,1814,,,MPD2023,,,,2011 international dollars,persons,GDP per capita multiplied by population
CHN,China,East Asia,1815,,,MPD2023,,,,2011 international dollars,persons,GDP per capita multiplied by population
CHN,China,East Asia,1816,,,MPD2023,,,,2011 international dollars,persons,GDP per capita multiplied by population
CHN,China,East Asia,1817,,,MPD2023,,,,2011 international dollars,persons,GDP per capita multiplied by population
CHN,China,East Asia,1818,,,MPD2023,,,,2011 international dollars,persons,GDP per capita multiplied by population
CHN,China,East Asia,1819,,,MPD2023,,,,2011 international dollars,persons,GDP per capita multiplied by population
CHN,China,East Asia,1820,882.0,381000.0,MPD2023,882.0,381000000.0,336042000000.0,2011 international dollars,persons,GDP per capita multiplied by population
CHN,China,East Asia,1821,,383712.0,MPD2023,,383712000.0,,2011 international dollars,persons,GDP per capita multiplied by population
CHN,China,East Asia,1822,,386442.0,MPD2023,,386442000.0,,2011 international dollars,persons,GDP per capita multiplied by population
CHN,China,East Asia,1823,,389193.0,MPD2023,,389193000.0,,2011 international dollars,persons,GDP per capita multiplied by population
CHN,China,East Asia,1824,,391962.0,MPD2023,,391962000.0,,2011 international dollars,persons,GDP per capita multiplied by population
CHN,China,East Asia,1825,,394752.0,MPD2023,,394752000.0,,2011 international dollars,persons,GDP per capita multiplied by population
CHN,China,East Asia,1826,,397561.0,MPD2023,,397561000.0,,2011 international dollars,persons,GDP per capita multiplied by population
CHN,China,East Asia,1827,,400391.0,MPD2023,,400391000.0,,2011 international dollars,persons,GDP per capita multiplied by population
CHN,China,East Asia,1828,,403240.0,MPD2023,,403240000.0,,2011 international dollars,persons,GDP per capita multiplied by population
CHN,China,East Asia,1829,,406110.0,MPD2023,,406110000.0,,2011 international dollars,persons,GDP per capita multiplied by population
CHN,China,East Asia,1830,846.0,409000.0,MPD2023,846.0,409000000.0,346014000000.0,2011 international dollars,persons,GDP per capita multiplied by population
CHN,China,East Asia,1831,,409299.0,MPD2023,,409299000.0,,2011 international dollars,persons,GDP per capita multiplied by population
CHN,China,East Asia,1832,,409598.0,MPD2023,,409598000.0,,2011 international dollars,persons,GDP per capita multiplied by population
CHN,China,East Asia,1833,,409898.0,MPD2023,,409898000.0,,2011 international dollars,persons,GDP per capita multiplied by population
CHN,China,East Asia,1834,,410197.0,MPD2023,,410197000.0,,2011 international dollars,persons,GDP per capita multiplied by population
CHN,China,East Asia,1835,,410497.0,MPD2023,,410497000.0,,2011 international dollars,persons,GDP per capita multiplied by population
CHN,China,East Asia,1836,,410797.0,MPD2023,,410797000.0,,2011 international dollars,persons,GDP per capita multiplied by population
CHN,China,East Asia,1837,,411098.0,MPD2023,,411098000.0,,2011 international dollars,persons,GDP per capita multiplied by population
CHN,China,East Asia,1838,,411398.0,MPD2023,,411398000.0,,2011 international dollars,persons,GDP per capita multiplied by population
CHN,China,East Asia,1839,,411699.0,MPD2023,,411699000.0,,2011 international dollars,persons,GDP per capita multiplied by population
CHN,China,East Asia,1840,849.0,412000.0,MPD2023,849.0,412000000.0,349788000000.0,2011 international dollars,persons,GDP per capita multiplied by population
CHN,China,East Asia,1841,,412000.0,MPD2023,,412000000.0,,2011 international dollars,persons,GDP per capita multiplied by population
CHN,China,East Asia,1842,,412000.0,MPD2023,,412000000.0,,2011 international dollars,persons,GDP per capita multiplied by population
CHN,China,East Asia,1843,,412000.0,MPD2023,,412000000.0,,2011 international dollars,persons,GDP per capita multiplied by population
CHN,China,East Asia,1844,,412000.0,MPD2023,,412000000.0,,2011 international dollars,persons,GDP per capita multiplied by population
CHN,China,East Asia,1845,,412000.0,MPD2023,,412000000.0,,2011 international dollars,persons,GDP per capita multiplied by population
CHN,China,East Asia,1846,,412000.0,MPD2023,,412000000.0,,2011 international dollars,persons,GDP per capita multiplied by population
CHN,China,East Asia,1847,,412000.0,MPD2023,,412000000.0,,2011 international dollars,persons,GDP per capita multiplied by population
CHN,China,East Asia,1848,,412000.0,MPD2023,,412000000.0,,2011 international dollars,persons,GDP per capita multiplied by population
CHN,China,East Asia,1849,,412000.0,MPD2023,,412000000.0,,2011 international dollars,persons,GDP per capita multiplied by population
CHN,China,East Asia,1850,858.0,412000.0,MPD2023,858.0,412000000.0,353496000000.0,2011 international dollars,persons,GDP per capita multiplied by population
CHN,China,East Asia,1851,,408359.0,MPD2023,,408359000.0,,2011 international dollars,persons,GDP per capita multiplied by population
CHN,China,East Asia,1852,,404749.0,MPD2023,,404749000.0,,2011 international dollars,persons,GDP per capita multiplied by population
CHN,China,East Asia,1853,,401172.0,MPD2023,,401172000.0,,2011 international dollars,persons,GDP per capita multiplied by population
CHN,China,East Asia,1854,,397626.0,MPD2023,,397626000.0,,2011 international dollars,persons,GDP per capita multiplied by population
CHN,China,East Asia,1855,,394112.0,MPD2023,,394112000.0,,2011 international dollars,persons,GDP per capita multiplied by population
CHN,China,East Asia,1856,,390628.0,MPD2023,,390628000.0,,2011 international dollars,persons,GDP per capita multiplied by population
CHN,China,East Asia,1857,,387176.0,MPD2023,,387176000.0,,2011 international dollars,persons,GDP per capita multiplied by population
CHN,China,East Asia,1858,,383754.0,MPD2023,,383754000.0,,2011 international dollars,persons,GDP per capita multiplied by population
CHN,China,East Asia,1859,,380362.0,MPD2023,,380362000.0,,2011 international dollars,persons,GDP per capita multiplied by population
CHN,China,East Asia,1860,,377000.0,MPD2023,,377000000.0,,2011 international dollars,persons,GDP per capita multiplied by population
CHN,China,East Asia,1861,,375055.0,MPD2023,,375055000.0,,2011 international dollars,persons,GDP per capita multiplied by population
CHN,China,East Asia,1862,,373121.0,MPD2023,,373121000.0,,2011 international dollars,persons,GDP per capita multiplied by population
CHN,China,East Asia,1863,,371196.0,MPD2023,,371196000.0,,2011 international dollars,persons,GDP per capita multiplied by population
CHN,China,East Asia,1864,,369282.0,MPD2023,,369282000.0,,2011 international dollars,persons,GDP per capita multiplied by population
CHN,China,East Asia,1865,,367377.0,MPD2023,,367377000.0,,2011 international dollars,persons,GDP per capita multiplied by population
CHN,China,East Asia,1866,,365482.0,MPD2023,,365482000.0,,2011 international dollars,persons,GDP per capita multiplied by population
CHN,China,East Asia,1867,,363597.0,MPD2023,,363597000.0,,2011 international dollars,persons,GDP per capita multiplied by population
CHN,China,East Asia,1868,,361722.0,MPD2023,,361722000.0,,2011 international dollars,persons,GDP per capita multiplied by population
CHN,China,East Asia,1869,,359856.0,MPD2023,,359856000.0,,2011 international dollars,persons,GDP per capita multiplied by population
CHN,China,East Asia,1870,945.0,358000.0,MPD2023,945.0,358000000.0,338310000000.0,2011 international dollars,persons,GDP per capita multiplied by population
CHN,China,East Asia,1871,,358988.0,MPD2023,,358988000.0,,2011 international dollars,persons,GDP per capita multiplied by population
CHN,China,East Asia,1872,,359978.0,MPD2023,,359978000.0,,2011 international dollars,persons,GDP per capita multiplied by population
CHN,China,East Asia,1873,,360971.0,MPD2023,,360971000.0,,2011 international dollars,persons,GDP per capita multiplied by population
CHN,China,East Asia,1874,,361967.0,MPD2023,,361967000.0,,2011 international dollars,persons,GDP per capita multiplied by population
CHN,China,East Asia,1875,,362966.0,MPD2023,,362966000.0,,2011 international dollars,persons,GDP per capita multiplied by population
CHN,China,East Asia,1876,,363967.0,MPD2023,,363967000.0,,2011 international dollars,persons,GDP per capita multiplied by population
CHN,China,East Asia,1877,,364971.0,MPD2023,,364971000.0,,2011 international dollars,persons,GDP per capita multiplied by population
CHN,China,East Asia,1878,,365978.0,MPD2023,,365978000.0,,2011 international dollars,persons,GDP per capita multiplied by population
CHN,China,East Asia,1879,,366988.0,MPD2023,,366988000.0,,2011 international dollars,persons,GDP per capita multiplied by population
CHN,China,East Asia,1880,,368000.0,MPD2023,,368000000.0,,2011 international dollars,persons,GDP per capita multiplied by population
CHN,China,East Asia,1881,,369183.0,MPD2023,,369183000.0,,2011 international dollars,persons,GDP per capita multiplied by population
CHN,China,East Asia,1882,,370369.0,MPD2023,,370369000.0,,2011 international dollars,persons,GDP per capita multiplied by population
CHN,China,East Asia,1883,,371560.0,MPD2023,,371560000.0,,2011 international dollars,persons,GDP per capita multiplied by population
CHN,China,East Asia,1884,,372754.0,MPD2023,,372754000.0,,2011 international dollars,persons,GDP per capita multiplied by population
CHN,China,East Asia,1885,,373952.0,MPD2023,,373952000.0,,2011 international dollars,persons,GDP per capita multiplied by population
CHN,China,East Asia,1886,,375154.0,MPD2023,,375154000.0,,2011 international dollars,persons,GDP per capita multiplied by population
CHN,China,East Asia,1887,912.0,376359.0,MPD2023,912.0,376359000.0,343239408000.0,2011 international dollars,persons,GDP per capita multiplied by population
CHN,China,East Asia,1888,,377569.0,MPD2023,,377569000.0,,2011 international dollars,persons,GDP per capita multiplied by population
CHN,China,East Asia,1889,,378783.0,MPD2023,,378783000.0,,2011 international dollars,persons,GDP per capita multiplied by population
CHN,China,East Asia,1890,964.0,380000.0,MPD2023,964.0,380000000.0,366320000000.0,2011 international dollars,persons,GDP per capita multiplied by population
CHN,China,East Asia,1891,,381979.0,MPD2023,,381979000.0,,2011 international dollars,persons,GDP per capita multiplied by population
CHN,China,East Asia,1892,,383969.0,MPD2023,,383969000.0,,2011 international dollars,persons,GDP per capita multiplied by population
CHN,China,East Asia,1893,,385969.0,MPD2023,,385969000.0,,2011 international dollars,persons,GDP per capita multiplied by population
CHN,China,East Asia,1894,,387979.0,MPD2023,,387979000.0,,2011 international dollars,persons,GDP per capita multiplied by population
CHN,China,East Asia,1895,,390000.0,MPD2023,,390000000.0,,2011 international dollars,persons,GDP per capita multiplied by population
CHN,China,East Asia,1896,,391980.0,MPD2023,,391980000.0,,2011 international dollars,persons,GDP per capita multiplied by population
CHN,China,East Asia,1897,,393970.0,MPD2023,,393970000.0,,2011 international dollars,persons,GDP per capita multiplied by population
CHN,China,East Asia,1898,,395970.0,MPD2023,,395970000.0,,2011 international dollars,persons,GDP per capita multiplied by population
CHN,China,East Asia,1899,,397980.0,MPD2023,,397980000.0,,2011 international dollars,persons,GDP per capita multiplied by population
CHN,China,East Asia,1900,972.0,400000.0,MPD2023,972.0,400000000.0,388800000000.0,2011 international dollars,persons,GDP per capita multiplied by population
CHN,China,East Asia,1901,,402243.0,MPD2023,,402243000.0,,2011 international dollars,persons,GDP per capita multiplied by population
CHN,China,East Asia,1902,,404498.0,MPD2023,,404498000.0,,2011 international dollars,persons,GDP per capita multiplied by population
CHN,China,East Asia,1903,,406766.0,MPD2023,,406766000.0,,2011 international dollars,persons,GDP per capita multiplied by population
CHN,China,East Asia,1904,,409047.0,MPD2023,,409047000.0,,2011 international dollars,persons,GDP per capita multiplied by population
CHN,China,East Asia,1905,,411340.0,MPD2023,,411340000.0,,2011 international dollars,persons,GDP per capita multiplied by population
CHN,China,East Asia,1906,,413646.0,MPD2023,,413646000.0,,2011 international dollars,persons,GDP per capita multiplied by population
CHN,China,East Asia,1907,,415965.0,MPD2023,,415965000.0,,2011 international dollars,persons,GDP per capita multiplied by population
CHN,China,East Asia,1908,,418297.0,MPD2023,,418297000.0,,2011 international dollars,persons,GDP per capita multiplied by population
CHN,China,East Asia,1909,,420642.0,MPD2023,,420642000.0,,2011 international dollars,persons,GDP per capita multiplied by population
CHN,China,East Asia,1910,,423000.0,MPD2023,,423000000.0,,2011 international dollars,persons,GDP per capita multiplied by population
CHN,China,East Asia,1911,905.0,427662.0,MPD2023,905.0,427662000.0,387034110000.0,2011 international dollars,persons,GDP per capita multiplied by population
CHN,China,East Asia,1912,,432375.0,MPD2023,,432375000.0,,2011 international dollars,persons,GDP per capita multiplied by population
CHN,China,East Asia,1913,985.0,437140.0,MPD2023,985.0,437140000.0,430582900000.0,2011 international dollars,persons,GDP per capita multiplied by population
CHN,China,East Asia,1914,,441958.0,MPD2023,,441958000.0,,2011 international dollars,persons,GDP per capita multiplied by population
CHN,China,East Asia,1915,,446829.0,MPD2023,,446829000.0,,2011 international dollars,persons,GDP per capita multiplied by population
CHN,China,East Asia,1916,,451753.0,MPD2023,,451753000.0,,2011 international dollars,persons,GDP per capita multiplied by population
CHN,China,East Asia,1917,,456732.0,MPD2023,,456732000.0,,2011 international dollars,persons,GDP per capita multiplied by population
CHN,China,East Asia,1918,,461766.0,MPD2023,,461766000.0,,2011 international dollars,persons,GDP per capita multiplied by population
CHN,China,East Asia,1919,,466855.0,MPD2023,,466855000.0,,2011 international dollars,persons,GDP per capita multiplied by population
CHN,China,East Asia,1920,,472000.0,MPD2023,,472000000.0,,2011 international dollars,persons,GDP per capita multiplied by population
CHN,China,East Asia,1921,,473673.0,MPD2023,,473673000.0,,2011 international dollars,persons,GDP per capita multiplied by population
CHN,China,East Asia,1922,,475352.0,MPD2023,,475352000.0,,2011 international dollars,persons,GDP per capita multiplied by population
CHN,China,East Asia,1923,,477037.0,MPD2023,,477037000.0,,2011 international dollars,persons,GDP per capita multiplied by population
CHN,China,East Asia,1924,,478728.0,MPD2023,,478728000.0,,2011 international dollars,persons,GDP per capita multiplied by population
CHN,China,East Asia,1925,,480425.0,MPD2023,,480425000.0,,2011 international dollars,persons,GDP per capita multiplied by population
CHN,China,East Asia,1926,,482128.0,MPD2023,,482128000.0,,2011 international dollars,persons,GDP per capita multiplied by population
CHN,China,East Asia,1927,,483837.0,MPD2023,,483837000.0,,2011 international dollars,persons,GDP per capita multiplied by population
CHN,China,East Asia,1928,,485552.0,MPD2023,,485552000.0,,2011 international dollars,persons,GDP per capita multiplied by population
CHN,China,East Asia,1929,1003.0,487273.0,MPD2023,1003.0,487273000.0,488734819000.0,2011 international dollars,persons,GDP per capita multiplied by population
CHN,China,East Asia,1930,1012.0,489000.0,MPD2023,1012.0,489000000.0,494868000000.0,2011 international dollars,persons,GDP per capita multiplied by population
CHN,China,East Asia,1931,1015.0,492640.0,MPD2023,1015.0,492640000.0,500029600000.0,2011 international dollars,persons,GDP per capita multiplied by population
CHN,China,East Asia,1932,1039.0,496307.0,MPD2023,1039.0,496307000.0,515662973000.0,2011 international dollars,persons,GDP per capita multiplied by population
CHN,China,East Asia,1933,923.0,500000.0,MPD2023,923.0,500000000.0,461500000000.0,2011 international dollars,persons,GDP per capita multiplied by population
CHN,China,East Asia,1934,937.0,502639.0,MPD2023,937.0,502639000.0,470972743000.0,2011 international dollars,persons,GDP per capita multiplied by population
CHN,China,East Asia,1935,1007.0,505292.0,MPD2023,1007.0,505292000.0,508829044000.0,2011 international dollars,persons,GDP per capita multiplied by population
CHN,China,East Asia,1936,1065.0,507959.0,MPD2023,1065.0,507959000.0,540976335000.0,2011 international dollars,persons,GDP per capita multiplied by population
CHN,China,East Asia,1937,1034.0,510640.0,MPD2023,1034.0,510640000.0,528001760000.0,2011 international dollars,persons,GDP per capita multiplied by population
CHN,China,East Asia,1938,1003.0,513336.0,MPD2023,1003.0,513336000.0,514876008000.0,2011 international dollars,persons,GDP per capita multiplied by population
CHN,China,East Asia,1939,,516046.0,MPD2023,,516046000.0,,2011 international dollars,persons,GDP per capita multiplied by population
CHN,China,East Asia,1940,,518770.0,MPD2023,,518770000.0,,2011 international dollars,persons,GDP per capita multiplied by population
CHN,China,East Asia,1941,,521508.0,MPD2023,,521508000.0,,2011 international dollars,persons,GDP per capita multiplied by population
CHN,China,East Asia,1942,,524261.0,MPD2023,,524261000.0,,2011 international dollars,persons,GDP per capita multiplied by population
CHN,China,East Asia,1943,,527028.0,MPD2023,,527028000.0,,2011 international dollars,persons,GDP per capita multiplied by population
CHN,China,East Asia,1944,,529810.0,MPD2023,,529810000.0,,2011 international dollars,persons,GDP per capita multiplied by population
CHN,China,East Asia,1945,,532607.0,MPD2023,,532607000.0,,2011 international dollars,persons,GDP per capita multiplied by population
CHN,China,East Asia,1946,,535418.0,MPD2023,,535418000.0,,2011 international dollars,persons,GDP per capita multiplied by population
CHN,China,East Asia,1947,,538244.0,MPD2023,,538244000.0,,2011 international dollars,persons,GDP per capita multiplied by population
CHN,China,East Asia,1948,,541085.0,MPD2023,,541085000.0,,2011 international dollars,persons,GDP per capita multiplied by population
CHN,China,East Asia,1949,,543941.0,MPD2023,,543941000.0,,2011 international dollars,persons,GDP per capita multiplied by population
CHN,China,East Asia,1950,799.0,546815.0,MPD2023,799.0,546815000.0,436905185000.0,2011 international dollars,persons,GDP per capita multiplied by population
CHN,China,East Asia,1951,950.0,557480.0,MPD2023,950.0,557480000.0,529606000000.0,2011 international dollars,persons,GDP per capita multiplied by population
CHN,China,East Asia,1952,1047.0,568910.0,MPD2023,1047.0,568910000.0,595648770000.0,2011 international dollars,persons,GDP per capita multiplied by population
CHN,China,East Asia,1953,1157.0,581390.0,MPD2023,1157.0,581390000.0,672668230000.0,2011 international dollars,persons,GDP per capita multiplied by population
CHN,China,East Asia,1954,1049.0,595310.0,MPD2023,1049.0,595310000.0,624480190000.0,2011 international dollars,persons,GDP per capita multiplied by population
CHN,China,East Asia,1955,1119.0,608655.0,MPD2023,1119.0,608655000.0,681084945000.0,2011 international dollars,persons,GDP per capita multiplied by population
CHN,China,East Asia,1956,1189.0,621465.0,MPD2023,1189.0,621465000.0,738921885000.0,2011 international dollars,persons,GDP per capita multiplied by population
CHN,China,East Asia,1957,1195.0,637408.0,MPD2023,1195.0,637408000.0,761702560000.0,2011 international dollars,persons,GDP per capita multiplied by population
CHN,China,East Asia,1958,1173.0,653235.0,MPD2023,1173.0,653235000.0,766244655000.0,2011 international dollars,persons,GDP per capita multiplied by population
CHN,China,East Asia,1959,1117.0,666005.0,MPD2023,1117.0,666005000.0,743927585000.0,2011 international dollars,persons,GDP per capita multiplied by population
CHN,China,East Asia,1960,1057.0,667070.0,MPD2023,1057.0,667070000.0,705092990000.0,2011 international dollars,persons,GDP per capita multiplied by population
CHN,China,East Asia,1961,874.0,660330.0,MPD2023,874.0,660330000.0,577128420000.0,2011 international dollars,persons,GDP per capita multiplied by population
CHN,China,East Asia,1962,926.0,665770.0,MPD2023,926.0,665770000.0,616503020000.0,2011 international dollars,persons,GDP per capita multiplied by population
CHN,China,East Asia,1963,1034.0,682335.0,MPD2023,1034.0,682335000.0,705534390000.0,2011 international dollars,persons,GDP per capita multiplied by population
CHN,China,East Asia,1964,1152.0,698355.0,MPD2023,1152.0,698355000.0,804504960000.0,2011 international dollars,persons,GDP per capita multiplied by population
CHN,China,East Asia,1965,1253.0,715185.0,MPD2023,1253.0,715185000.0,896126805000.0,2011 international dollars,persons,GDP per capita multiplied by population
CHN,China,East Asia,1966,1261.0,735400.0,MPD2023,1261.0,735400000.0,927339400000.0,2011 international dollars,persons,GDP per capita multiplied by population
CHN,China,East Asia,1967,1237.0,754550.0,MPD2023,1237.0,754550000.0,933378350000.0,2011 international dollars,persons,GDP per capita multiplied by population
CHN,China,East Asia,1968,1178.0,774510.0,MPD2023,1178.0,774510000.0,912372780000.0,2011 international dollars,persons,GDP per capita multiplied by population
CHN,China,East Asia,1969,1264.0,796025.0,MPD2023,1264.0,796025000.0,1006175600000.0,2011 international dollars,persons,GDP per capita multiplied by population
CHN,China,East Asia,1970,1398.0,818315.0,MPD2023,1398.0,818315000.0,1144004370000.0,2011 international dollars,persons,GDP per capita multiplied by population
CHN,China,East Asia,1971,1446.0,841105.0,MPD2023,1446.0,841105000.0,1216237830000.0,2011 international dollars,persons,GDP per capita multiplied by population
CHN,China,East Asia,1972,1431.0,862030.0,MPD2023,1431.0,862030000.0,1233564930000.0,2011 international dollars,persons,GDP per capita multiplied by population
CHN,China,East Asia,1973,1513.0,881940.0,MPD2023,1513.0,881940000.0,1334375220000.0,2011 international dollars,persons,GDP per capita multiplied by population
CHN,China,East Asia,1974,1519.0,900350.0,MPD2023,1519.0,900350000.0,1367631650000.0,2011 international dollars,persons,GDP per capita multiplied by population
CHN,China,East Asia,1975,1594.0,916395.0,MPD2023,1594.0,916395000.0,1460733630000.0,2011 international dollars,persons,GDP per capita multiplied by population
CHN,China,East Asia,1976,1519.0,930685.0,MPD2023,1519.0,930685000.0,1413710515000.0,2011 international dollars,persons,GDP per capita multiplied by population
CHN,China,East Asia,1977,1583.0,943455.0,MPD2023,1583.0,943455000.0,1493489265000.0,2011 international dollars,persons,GDP per capita multiplied by population
CHN,China,East Asia,1978,1744.0,956165.0,MPD2023,1744.0,956165000.0,1667551760000.0,2011 international dollars,persons,GDP per capita multiplied by population
CHN,China,East Asia,1979,1859.0,969005.0,MPD2023,1859.0,969005000.0,1801380295000.0,2011 international dollars,persons,GDP per capita multiplied by population
CHN,China,East Asia,1980,1930.0,981235.0,MPD2023,1930.0,981235000.0,1893783550000.0,2011 international dollars,persons,GDP per capita multiplied by population
CHN,China,East Asia,1981,1962.0,993861.0,MPD2023,1962.0,993861000.0,1949955282000.0,2011 international dollars,persons,GDP per capita multiplied by population
CHN,China,East Asia,1982,2128.0,1000281.0,MPD2023,2128.0,1000281000.0,2128597968000.0,2011 international dollars,persons,GDP per capita multiplied by population
CHN,China,East Asia,1983,2227.0,1023288.0,MPD2023,2227.0,1023288000.0,2278862376000.0,2011 international dollars,persons,GDP per capita multiplied by population
CHN,China,East Asia,1984,2444.0,1036825.0,MPD2023,2444.0,1036825000.0,2534000300000.0,2011 international dollars,persons,GDP per capita multiplied by population
CHN,China,East Asia,1985,2619.0,1051040.0,MPD2023,2619.0,1051040000.0,2752673760000.0,2011 international dollars,persons,GDP per capita multiplied by population
CHN,China,East Asia,1986,2748.0,1066790.0,MPD2023,2748.0,1066790000.0,2931538920000.0,2011 international dollars,persons,GDP per capita multiplied by population
CHN,China,East Asia,1987,2931.0,1084035.0,MPD2023,2931.0,1084035000.0,3177306585000.0,2011 international dollars,persons,GDP per capita multiplied by population
CHN,China,East Asia,1988,3045.0,1101630.0,MPD2023,3045.0,1101630000.0,3354463350000.0,2011 international dollars,persons,GDP per capita multiplied by population
CHN,China,East Asia,1989,3022.0,1118650.0,MPD2023,3022.0,1118650000.0,3380560300000.0,2011 international dollars,persons,GDP per capita multiplied by population
CHN,China,East Asia,1990,2982.0,1135185.0,MPD2023,2982.0,1135185000.0,3385121670000.0,2011 international dollars,persons,GDP per capita multiplied by population
CHN,China,East Asia,1991,3051.3151251535655,1149978.85,MPD2023,3051.3151251535655,1149978850.0,3508947858611.703,2011 international dollars,persons,GDP per capita multiplied by population
CHN,China,East Asia,1992,3227.744141541462,1163362.82,MPD2023,3227.744141541462,1163362820.0,3755037526742.1543,2011 international dollars,persons,GDP per capita multiplied by population
CHN,China,East Asia,1993,3506.4800947744798,1176726.93,MPD2023,3506.4800947744798,1176726930.0,4126169557030.0825,2011 international dollars,persons,GDP per capita multiplied by population
CHN,China,East Asia,1994,3730.164094416436,1189961.97,MPD2023,3730.164094416436,1189961970.0,4438753414215.048,2011 international dollars,persons,GDP per capita multiplied by population
CHN,China,East Asia,1995,3999.729180990004,1202581.43,MPD2023,3999.729180990004,1202581430.0,4810000038087.6875,2011 international dollars,persons,GDP per capita multiplied by population
CHN,China,East Asia,1996,4219.644172416151,1215171.1,MPD2023,4219.644172416151,1215171100.0,5127589650603.524,2011 international dollars,persons,GDP per capita multiplied by population
CHN,China,East Asia,1997,4310.828198416168,1227452.97,MPD2023,4310.828198416168,1227452970.0,5291338875305.674,2011 international dollars,persons,GDP per capita multiplied by population
CHN,China,East Asia,1998,4309.847175568261,1238722.12,MPD2023,4309.847175568261,1238722120.0,5338703030195.929,2011 international dollars,persons,GDP per capita multiplied by population
CHN,China,East Asia,1999,4466.736250214565,1248899.1,MPD2023,4466.736250214565,1248899100.0,5578502882830.346,2011 international dollars,persons,GDP per capita multiplied by population
CHN,China,East Asia,2000,4730.354351202304,1258400.92,MPD2023,4730.354351202304,1258400920.0,5952682267478.982,2011 international dollars,persons,GDP per capita multiplied by population
CHN,China,East Asia,2001,4995.144724820601,1267177.95,MPD2023,4995.144724820601,1267177950.0,6329737252351.483,2011 international dollars,persons,GDP per capita multiplied by population
CHN,China,East Asia,2002,5343.112257824781,1275379.1,MPD2023,5343.112257824781,1275379100.0,6814493702583.538,2011 international dollars,persons,GDP per capita multiplied by population
CHN,China,East Asia,2003,5649.4632391271925,1283063.96,MPD2023,5649.4632391271925,1283063960.0,7248622675468.963,2011 international dollars,persons,GDP per capita multiplied by population
CHN,China,East Asia,2004,6067.591161370288,1290619.75,MPD2023,6067.591161370288,1290619750.0,7830952987789.932,2011 international dollars,persons,GDP per capita multiplied by population
CHN,China,East Asia,2005,6626.591821130525,1298245.04,MPD2023,6626.591821130525,1298245040.0,8602939963887.271,2011 international dollars,persons,GDP per capita multiplied by population
CHN,China,East Asia,2006,7271.035651970811,1305115.74,MPD2023,7271.035651970811,1305115740.0,9489543075488.268,2011 international dollars,persons,GDP per capita multiplied by population
CHN,China,East Asia,2007,7895.712892697418,1311877.23,MPD2023,7895.712892697418,1311877230.0,10358205958547.176,2011 international dollars,persons,GDP per capita multiplied by population
CHN,China,East Asia,2008,8190.112094505943,1318559.28,MPD2023,8190.112094505943,1318559280.0,10799148306451.049,2011 international dollars,persons,GDP per capita multiplied by population
CHN,China,East Asia,2009,8734.04062380443,1324993.12,MPD2023,8734.04062380443,1324993120.0,11572543736341.379,2011 international dollars,persons,GDP per capita multiplied by population
CHN,China,East Asia,2010,9658.41859928433,1331357.45,MPD2023,9658.41859928433,1331357450.0,12858807557375.758,2011 international dollars,persons,GDP per capita multiplied by population
CHN,China,East Asia,2011,10221.0,1339548.68,MPD2023,10221.0,1339548680.0,13691527058280.0,2011 international dollars,persons,GDP per capita multiplied by population
CHN,China,East Asia,2012,10946.83397149056,1349537.02,MPD2023,10946.83397149056,1349537020.0,14773157696320.135,2011 international dollars,persons,GDP per capita multiplied by population
CHN,China,East Asia,2013,11731.294597488408,1357519.74,MPD2023,11731.294597488408,1357519740.0,15925463991845.867,2011 international dollars,persons,GDP per capita multiplied by population
CHN,China,East Asia,2014,12515.198304795971,1366654.2,MPD2023,12515.198304795971,1366654200.0,17103948327082.295,2011 international dollars,persons,GDP per capita multiplied by population
CHN,China,East Asia,2015,13325.431748191117,1373405.76,MPD2023,13325.431748191117,1373405760.0,18301224717452.55,2011 international dollars,persons,GDP per capita multiplied by population
CHN,China,East Asia,2016,14138.954637273522,1382401.21,MPD2023,14138.954637273522,1382401210.0,19545707998702.027,2011 international dollars,persons,GDP per capita multiplied by population
CHN,China,East Asia,2017,15030.447422313575,1390135.72,MPD2023,15030.447422313575,1390135720.0,20894361849340.027,2011 international dollars,persons,GDP per capita multiplied by population
CHN,China,East Asia,2018,15977.007798620576,1395397.96,MPD2023,15977.007798620576,1395397960.0,22294284089099.242,2011 international dollars,persons,GDP per capita multiplied by population
CHN,China,East Asia,2019,16879.53970153226,1400034.69,MPD2023,16879.53970153226,1400034690.0,23631941133377.41,2011 international dollars,persons,GDP per capita multiplied by population
CHN,China,East Asia,2020,17225.968276942745,1402060.16,MPD2023,17225.968276942745,1402060160.0,24151843838525.27,2011 international dollars,persons,GDP per capita multiplied by population
CHN,China,East Asia,2021,18666.604569482603,1402536.74,MPD2023,18666.604569482603,1402536740.0,26180598719751.234,2011 international dollars,persons,GDP per capita multiplied by population
CHN,China,East Asia,2022,19238.17878269338,1401692.8,MPD2023,19238.17878269338,1401692800.0,26966016684814.074,2011 international dollars,persons,GDP per capita multiplied by population
IND,India,South and South East Asia,1,,75000.0,MPD2023,,75000000.0,,2011 international dollars,persons,GDP per capita multiplied by population
IND,India,South and South East Asia,730,,,MPD2023,,,,2011 international dollars,persons,GDP per capita multiplied by population
IND,India,South and South East Asia,1000,,75000.0,MPD2023,,75000000.0,,2011 international dollars,persons,GDP per capita multiplied by population
IND,India,South and South East Asia,1090,,,MPD2023,,,,2011 international dollars,persons,GDP per capita multiplied by population
IND,India,South and South East Asia,1150,,,MPD2023,,,,2011 international dollars,persons,GDP per capita multiplied by population
IND,India,South and South East Asia,1252,,,MPD2023,,,,2011 international dollars,persons,GDP per capita multiplied by population
IND,India,South and South East Asia,1253,,,MPD2023,,,,2011 international dollars,persons,GDP per capita multiplied by population
IND,India,South and South East Asia,1254,,,MPD2023,,,,2011 international dollars,persons,GDP per capita multiplied by population
IND,India,South and South East Asia,1255,,,MPD2023,,,,2011 international dollars,persons,GDP per capita multiplied by population
IND,India,South and South East Asia,1256,,,MPD2023,,,,2011 international dollars,persons,GDP per capita multiplied by population
IND,India,South and South East Asia,1257,,,MPD2023,,,,2011 international dollars,persons,GDP per capita multiplied by population
IND,India,South and South East Asia,1258,,,MPD2023,,,,2011 international dollars,persons,GDP per capita multiplied by population
IND,India,South and South East Asia,1259,,,MPD2023,,,,2011 international dollars,persons,GDP per capita multiplied by population
IND,India,South and South East Asia,1260,,,MPD2023,,,,2011 international dollars,persons,GDP per capita multiplied by population
IND,India,South and South East Asia,1261,,,MPD2023,,,,2011 international dollars,persons,GDP per capita multiplied by population
IND,India,South and South East Asia,1262,,,MPD2023,,,,2011 international dollars,persons,GDP per capita multiplied by population
IND,India,South and South East Asia,1263,,,MPD2023,,,,2011 international dollars,persons,GDP per capita multiplied by population
IND,India,South and South East Asia,1264,,,MPD2023,,,,2011 international dollars,persons,GDP per capita multiplied by population
IND,India,South and South East Asia,1265,,,MPD2023,,,,2011 international dollars,persons,GDP per capita multiplied by population
IND,India,South and South East Asia,1266,,,MPD2023,,,,2011 international dollars,persons,GDP per capita multiplied by population
IND,India,South and South East Asia,1267,,,MPD2023,,,,2011 international dollars,persons,GDP per capita multiplied by population
IND,India,South and South East Asia,1268,,,MPD2023,,,,2011 international dollars,persons,GDP per capita multiplied by population
IND,India,South and South East Asia,1269,,,MPD2023,,,,2011 international dollars,persons,GDP per capita multiplied by population
IND,India,South and South East Asia,1270,,,MPD2023,,,,2011 international dollars,persons,GDP per capita multiplied by population
IND,India,South and South East Asia,1271,,,MPD2023,,,,2011 international dollars,persons,GDP per capita multiplied by population
IND,India,South and South East Asia,1272,,,MPD2023,,,,2011 international dollars,persons,GDP per capita multiplied by population
IND,India,South and South East Asia,1273,,,MPD2023,,,,2011 international dollars,persons,GDP per capita multiplied by population
IND,India,South and South East Asia,1274,,,MPD2023,,,,2011 international dollars,persons,GDP per capita multiplied by population
IND,India,South and South East Asia,1275,,,MPD2023,,,,2011 international dollars,persons,GDP per capita multiplied by population
IND,India,South and South East Asia,1276,,,MPD2023,,,,2011 international dollars,persons,GDP per capita multiplied by population
IND,India,South and South East Asia,1277,,,MPD2023,,,,2011 international dollars,persons,GDP per capita multiplied by population
IND,India,South and South East Asia,1278,,,MPD2023,,,,2011 international dollars,persons,GDP per capita multiplied by population
IND,India,South and South East Asia,1279,,,MPD2023,,,,2011 international dollars,persons,GDP per capita multiplied by population
IND,India,South and South East Asia,1280,,,MPD2023,,,,2011 international dollars,persons,GDP per capita multiplied by population
IND,India,South and South East Asia,1281,,,MPD2023,,,,2011 international dollars,persons,GDP per capita multiplied by population
IND,India,South and South East Asia,1282,,,MPD2023,,,,2011 international dollars,persons,GDP per capita multiplied by population
IND,India,South and South East Asia,1283,,,MPD2023,,,,2011 international dollars,persons,GDP per capita multiplied by population
IND,India,South and South East Asia,1284,,,MPD2023,,,,2011 international dollars,persons,GDP per capita multiplied by population
IND,India,South and South East Asia,1285,,,MPD2023,,,,2011 international dollars,persons,GDP per capita multiplied by population
IND,India,South and South East Asia,1286,,,MPD2023,,,,2011 international dollars,persons,GDP per capita multiplied by population
IND,India,South and South East Asia,1287,,,MPD2023,,,,2011 international dollars,persons,GDP per capita multiplied by population
IND,India,South and South East Asia,1288,,,MPD2023,,,,2011 international dollars,persons,GDP per capita multiplied by population
IND,India,South and South East Asia,1289,,,MPD2023,,,,2011 international dollars,persons,GDP per capita multiplied by population
IND,India,South and South East Asia,1290,,,MPD2023,,,,2011 international dollars,persons,GDP per capita multiplied by population
IND,India,South and South East Asia,1291,,,MPD2023,,,,2011 international dollars,persons,GDP per capita multiplied by population
IND,India,South and South East Asia,1292,,,MPD2023,,,,2011 international dollars,persons,GDP per capita multiplied by population
IND,India,South and South East Asia,1293,,,MPD2023,,,,2011 international dollars,persons,GDP per capita multiplied by population
IND,India,South and South East Asia,1294,,,MPD2023,,,,2011 international dollars,persons,GDP per capita multiplied by population
IND,India,South and South East Asia,1295,,,MPD2023,,,,2011 international dollars,persons,GDP per capita multiplied by population
IND,India,South and South East Asia,1296,,,MPD2023,,,,2011 international dollars,persons,GDP per capita multiplied by population
IND,India,South and South East Asia,1297,,,MPD2023,,,,2011 international dollars,persons,GDP per capita multiplied by population
IND,India,South and South East Asia,1298,,,MPD2023,,,,2011 international dollars,persons,GDP per capita multiplied by population
IND,India,South and South East Asia,1299,,,MPD2023,,,,2011 international dollars,persons,GDP per capita multiplied by population
IND,India,South and South East Asia,1300,,,MPD2023,,,,2011 international dollars,persons,GDP per capita multiplied by population
IND,India,South and South East Asia,1301,,,MPD2023,,,,2011 international dollars,persons,GDP per capita multiplied by population
IND,India,South and South East Asia,1302,,,MPD2023,,,,2011 international dollars,persons,GDP per capita multiplied by population
IND,India,South and South East Asia,1303,,,MPD2023,,,,2011 international dollars,persons,GDP per capita multiplied by population
IND,India,South and South East Asia,1304,,,MPD2023,,,,2011 international dollars,persons,GDP per capita multiplied by population
IND,India,South and South East Asia,1305,,,MPD2023,,,,2011 international dollars,persons,GDP per capita multiplied by population
IND,India,South and South East Asia,1306,,,MPD2023,,,,2011 international dollars,persons,GDP per capita multiplied by population
IND,India,South and South East Asia,1307,,,MPD2023,,,,2011 international dollars,persons,GDP per capita multiplied by population
IND,India,South and South East Asia,1308,,,MPD2023,,,,2011 international dollars,persons,GDP per capita multiplied by population
IND,India,South and South East Asia,1309,,,MPD2023,,,,2011 international dollars,persons,GDP per capita multiplied by population
IND,India,South and South East Asia,1310,,,MPD2023,,,,2011 international dollars,persons,GDP per capita multiplied by population
IND,India,South and South East Asia,1311,,,MPD2023,,,,2011 international dollars,persons,GDP per capita multiplied by population
IND,India,South and South East Asia,1312,,,MPD2023,,,,2011 international dollars,persons,GDP per capita multiplied by population
IND,India,South and South East Asia,1313,,,MPD2023,,,,2011 international dollars,persons,GDP per capita multiplied by population
IND,India,South and South East Asia,1314,,,MPD2023,,,,2011 international dollars,persons,GDP per capita multiplied by population
IND,India,South and South East Asia,1315,,,MPD2023,,,,2011 international dollars,persons,GDP per capita multiplied by population
IND,India,South and South East Asia,1316,,,MPD2023,,,,2011 international dollars,persons,GDP per capita multiplied by population
IND,India,South and South East Asia,1317,,,MPD2023,,,,2011 international dollars,persons,GDP per capita multiplied by population
IND,India,South and South East Asia,1318,,,MPD2023,,,,2011 international dollars,persons,GDP per capita multiplied by population
IND,India,South and South East Asia,1319,,,MPD2023,,,,2011 international dollars,persons,GDP per capita multiplied by population
IND,India,South and South East Asia,1320,,,MPD2023,,,,2011 international dollars,persons,GDP per capita multiplied by population
IND,India,South and South East Asia,1321,,,MPD2023,,,,2011 international dollars,persons,GDP per capita multiplied by population
IND,India,South and South East Asia,1322,,,MPD2023,,,,2011 international dollars,persons,GDP per capita multiplied by population
IND,India,South and South East Asia,1323,,,MPD2023,,,,2011 international dollars,persons,GDP per capita multiplied by population
IND,India,South and South East Asia,1324,,,MPD2023,,,,2011 international dollars,persons,GDP per capita multiplied by population
IND,India,South and South East Asia,1325,,,MPD2023,,,,2011 international dollars,persons,GDP per capita multiplied by population
IND,India,South and South East Asia,1326,,,MPD2023,,,,2011 international dollars,persons,GDP per capita multiplied by population
IND,India,South and South East Asia,1327,,,MPD2023,,,,2011 international dollars,persons,GDP per capita multiplied by population
IND,India,South and South East Asia,1328,,,MPD2023,,,,2011 international dollars,persons,GDP per capita multiplied by population
IND,India,South and South East Asia,1329,,,MPD2023,,,,2011 international dollars,persons,GDP per capita multiplied by population
IND,India,South and South East Asia,1330,,,MPD2023,,,,2011 international dollars,persons,GDP per capita multiplied by population
IND,India,South and South East Asia,1331,,,MPD2023,,,,2011 international dollars,persons,GDP per capita multiplied by population
IND,India,South and South East Asia,1332,,,MPD2023,,,,2011 international dollars,persons,GDP per capita multiplied by population
IND,India,South and South East Asia,1333,,,MPD2023,,,,2011 international dollars,persons,GDP per capita multiplied by population
IND,India,South and South East Asia,1334,,,MPD2023,,,,2011 international dollars,persons,GDP per capita multiplied by population
IND,India,South and South East Asia,1335,,,MPD2023,,,,2011 international dollars,persons,GDP per capita multiplied by population
IND,India,South and South East Asia,1336,,,MPD2023,,,,2011 international dollars,persons,GDP per capita multiplied by population
IND,India,South and South East Asia,1337,,,MPD2023,,,,2011 international dollars,persons,GDP per capita multiplied by population
IND,India,South and South East Asia,1338,,,MPD2023,,,,2011 international dollars,persons,GDP per capita multiplied by population
IND,India,South and South East Asia,1339,,,MPD2023,,,,2011 international dollars,persons,GDP per capita multiplied by population
IND,India,South and South East Asia,1340,,,MPD2023,,,,2011 international dollars,persons,GDP per capita multiplied by population
IND,India,South and South East Asia,1341,,,MPD2023,,,,2011 international dollars,persons,GDP per capita multiplied by population
IND,India,South and South East Asia,1342,,,MPD2023,,,,2011 international dollars,persons,GDP per capita multiplied by population
IND,India,South and South East Asia,1343,,,MPD2023,,,,2011 international dollars,persons,GDP per capita multiplied by population
IND,India,South and South East Asia,1344,,,MPD2023,,,,2011 international dollars,persons,GDP per capita multiplied by population
IND,India,South and South East Asia,1345,,,MPD2023,,,,2011 international dollars,persons,GDP per capita multiplied by population
IND,India,South and South East Asia,1346,,,MPD2023,,,,2011 international dollars,persons,GDP per capita multiplied by population
IND,India,South and South East Asia,1347,,,MPD2023,,,,2011 international dollars,persons,GDP per capita multiplied by population
IND,India,South and South East Asia,1348,,,MPD2023,,,,2011 international dollars,persons,GDP per capita multiplied by population
IND,India,South and South East Asia,1349,,,MPD2023,,,,2011 international dollars,persons,GDP per capita multiplied by population
IND,India,South and South East Asia,1350,,,MPD2023,,,,2011 international dollars,persons,GDP per capita multiplied by population
IND,India,South and South East Asia,1351,,,MPD2023,,,,2011 international dollars,persons,GDP per capita multiplied by population
IND,India,South and South East Asia,1352,,,MPD2023,,,,2011 international dollars,persons,GDP per capita multiplied by population
IND,India,South and South East Asia,1353,,,MPD2023,,,,2011 international dollars,persons,GDP per capita multiplied by population
IND,India,South and South East Asia,1354,,,MPD2023,,,,2011 international dollars,persons,GDP per capita multiplied by population
IND,India,South and South East Asia,1355,,,MPD2023,,,,2011 international dollars,persons,GDP per capita multiplied by population
IND,India,South and South East Asia,1356,,,MPD2023,,,,2011 international dollars,persons,GDP per capita multiplied by population
IND,India,South and South East Asia,1357,,,MPD2023,,,,2011 international dollars,persons,GDP per capita multiplied by population
IND,India,South and South East Asia,1358,,,MPD2023,,,,2011 international dollars,persons,GDP per capita multiplied by population
IND,India,South and South East Asia,1359,,,MPD2023,,,,2011 international dollars,persons,GDP per capita multiplied by population
IND,India,South and South East Asia,1360,,,MPD2023,,,,2011 international dollars,persons,GDP per capita multiplied by population
IND,India,South and South East Asia,1361,,,MPD2023,,,,2011 international dollars,persons,GDP per capita multiplied by population
IND,India,South and South East Asia,1362,,,MPD2023,,,,2011 international dollars,persons,GDP per capita multiplied by population
IND,India,South and South East Asia,1363,,,MPD2023,,,,2011 international dollars,persons,GDP per capita multiplied by population
IND,India,South and South East Asia,1364,,,MPD2023,,,,2011 international dollars,persons,GDP per capita multiplied by population
IND,India,South and South East Asia,1365,,,MPD2023,,,,2011 international dollars,persons,GDP per capita multiplied by population
IND,India,South and South East Asia,1366,,,MPD2023,,,,2011 international dollars,persons,GDP per capita multiplied by population
IND,India,South and South East Asia,1367,,,MPD2023,,,,2011 international dollars,persons,GDP per capita multiplied by population
IND,India,South and South East Asia,1368,,,MPD2023,,,,2011 international dollars,persons,GDP per capita multiplied by population
IND,India,South and South East Asia,1369,,,MPD2023,,,,2011 international dollars,persons,GDP per capita multiplied by population
IND,India,South and South East Asia,1370,,,MPD2023,,,,2011 international dollars,persons,GDP per capita multiplied by population
IND,India,South and South East Asia,1371,,,MPD2023,,,,2011 international dollars,persons,GDP per capita multiplied by population
IND,India,South and South East Asia,1372,,,MPD2023,,,,2011 international dollars,persons,GDP per capita multiplied by population
IND,India,South and South East Asia,1373,,,MPD2023,,,,2011 international dollars,persons,GDP per capita multiplied by population
IND,India,South and South East Asia,1374,,,MPD2023,,,,2011 international dollars,persons,GDP per capita multiplied by population
IND,India,South and South East Asia,1375,,,MPD2023,,,,2011 international dollars,persons,GDP per capita multiplied by population
IND,India,South and South East Asia,1376,,,MPD2023,,,,2011 international dollars,persons,GDP per capita multiplied by population
IND,India,South and South East Asia,1377,,,MPD2023,,,,2011 international dollars,persons,GDP per capita multiplied by population
IND,India,South and South East Asia,1378,,,MPD2023,,,,2011 international dollars,persons,GDP per capita multiplied by population
IND,India,South and South East Asia,1379,,,MPD2023,,,,2011 international dollars,persons,GDP per capita multiplied by population
IND,India,South and South East Asia,1380,,,MPD2023,,,,2011 international dollars,persons,GDP per capita multiplied by population
IND,India,South and South East Asia,1381,,,MPD2023,,,,2011 international dollars,persons,GDP per capita multiplied by population
IND,India,South and South East Asia,1382,,,MPD2023,,,,2011 international dollars,persons,GDP per capita multiplied by population
IND,India,South and South East Asia,1383,,,MPD2023,,,,2011 international dollars,persons,GDP per capita multiplied by population
IND,India,South and South East Asia,1384,,,MPD2023,,,,2011 international dollars,persons,GDP per capita multiplied by population
IND,India,South and South East Asia,1385,,,MPD2023,,,,2011 international dollars,persons,GDP per capita multiplied by population
IND,India,South and South East Asia,1386,,,MPD2023,,,,2011 international dollars,persons,GDP per capita multiplied by population
IND,India,South and South East Asia,1387,,,MPD2023,,,,2011 international dollars,persons,GDP per capita multiplied by population
IND,India,South and South East Asia,1388,,,MPD2023,,,,2011 international dollars,persons,GDP per capita multiplied by population
IND,India,South and South East Asia,1389,,,MPD2023,,,,2011 international dollars,persons,GDP per capita multiplied by population
IND,India,South and South East Asia,1390,,,MPD2023,,,,2011 international dollars,persons,GDP per capita multiplied by population
IND,India,South and South East Asia,1391,,,MPD2023,,,,2011 international dollars,persons,GDP per capita multiplied by population
IND,India,South and South East Asia,1392,,,MPD2023,,,,2011 international dollars,persons,GDP per capita multiplied by population
IND,India,South and South East Asia,1393,,,MPD2023,,,,2011 international dollars,persons,GDP per capita multiplied by population
IND,India,South and South East Asia,1394,,,MPD2023,,,,2011 international dollars,persons,GDP per capita multiplied by population
IND,India,South and South East Asia,1395,,,MPD2023,,,,2011 international dollars,persons,GDP per capita multiplied by population
IND,India,South and South East Asia,1396,,,MPD2023,,,,2011 international dollars,persons,GDP per capita multiplied by population
IND,India,South and South East Asia,1397,,,MPD2023,,,,2011 international dollars,persons,GDP per capita multiplied by population
IND,India,South and South East Asia,1398,,,MPD2023,,,,2011 international dollars,persons,GDP per capita multiplied by population
IND,India,South and South East Asia,1399,,,MPD2023,,,,2011 international dollars,persons,GDP per capita multiplied by population
IND,India,South and South East Asia,1400,,,MPD2023,,,,2011 international dollars,persons,GDP per capita multiplied by population
IND,India,South and South East Asia,1401,,,MPD2023,,,,2011 international dollars,persons,GDP per capita multiplied by population
IND,India,South and South East Asia,1402,,,MPD2023,,,,2011 international dollars,persons,GDP per capita multiplied by population
IND,India,South and South East Asia,1403,,,MPD2023,,,,2011 international dollars,persons,GDP per capita multiplied by population
IND,India,South and South East Asia,1404,,,MPD2023,,,,2011 international dollars,persons,GDP per capita multiplied by population
IND,India,South and South East Asia,1405,,,MPD2023,,,,2011 international dollars,persons,GDP per capita multiplied by population
IND,India,South and South East Asia,1406,,,MPD2023,,,,2011 international dollars,persons,GDP per capita multiplied by population
IND,India,South and South East Asia,1407,,,MPD2023,,,,2011 international dollars,persons,GDP per capita multiplied by population
IND,India,South and South East Asia,1408,,,MPD2023,,,,2011 international dollars,persons,GDP per capita multiplied by population
IND,India,South and South East Asia,1409,,,MPD2023,,,,2011 international dollars,persons,GDP per capita multiplied by population
IND,India,South and South East Asia,1410,,,MPD2023,,,,2011 international dollars,persons,GDP per capita multiplied by population
IND,India,South and South East Asia,1411,,,MPD2023,,,,2011 international dollars,persons,GDP per capita multiplied by population
IND,India,South and South East Asia,1412,,,MPD2023,,,,2011 international dollars,persons,GDP per capita multiplied by population
IND,India,South and South East Asia,1413,,,MPD2023,,,,2011 international dollars,persons,GDP per capita multiplied by population
IND,India,South and South East Asia,1414,,,MPD2023,,,,2011 international dollars,persons,GDP per capita multiplied by population
IND,India,South and South East Asia,1415,,,MPD2023,,,,2011 international dollars,persons,GDP per capita multiplied by population
IND,India,South and South East Asia,1416,,,MPD2023,,,,2011 international dollars,persons,GDP per capita multiplied by population
IND,India,South and South East Asia,1417,,,MPD2023,,,,2011 international dollars,persons,GDP per capita multiplied by population
IND,India,South and South East Asia,1418,,,MPD2023,,,,2011 international dollars,persons,GDP per capita multiplied by population
IND,India,South and South East Asia,1419,,,MPD2023,,,,2011 international dollars,persons,GDP per capita multiplied by population
IND,India,South and South East Asia,1420,,,MPD2023,,,,2011 international dollars,persons,GDP per capita multiplied by population
IND,India,South and South East Asia,1421,,,MPD2023,,,,2011 international dollars,persons,GDP per capita multiplied by population
IND,India,South and South East Asia,1422,,,MPD2023,,,,2011 international dollars,persons,GDP per capita multiplied by population
IND,India,South and South East Asia,1423,,,MPD2023,,,,2011 international dollars,persons,GDP per capita multiplied by population
IND,India,South and South East Asia,1424,,,MPD2023,,,,2011 international dollars,persons,GDP per capita multiplied by population
IND,India,South and South East Asia,1425,,,MPD2023,,,,2011 international dollars,persons,GDP per capita multiplied by population
IND,India,South and South East Asia,1426,,,MPD2023,,,,2011 international dollars,persons,GDP per capita multiplied by population
IND,India,South and South East Asia,1427,,,MPD2023,,,,2011 international dollars,persons,GDP per capita multiplied by population
IND,India,South and South East Asia,1428,,,MPD2023,,,,2011 international dollars,persons,GDP per capita multiplied by population
IND,India,South and South East Asia,1429,,,MPD2023,,,,2011 international dollars,persons,GDP per capita multiplied by population
IND,India,South and South East Asia,1430,,,MPD2023,,,,2011 international dollars,persons,GDP per capita multiplied by population
IND,India,South and South East Asia,1431,,,MPD2023,,,,2011 international dollars,persons,GDP per capita multiplied by population
IND,India,South and South East Asia,1432,,,MPD2023,,,,2011 international dollars,persons,GDP per capita multiplied by population
IND,India,South and South East Asia,1433,,,MPD2023,,,,2011 international dollars,persons,GDP per capita multiplied by population
IND,India,South and South East Asia,1434,,,MPD2023,,,,2011 international dollars,persons,GDP per capita multiplied by population
IND,India,South and South East Asia,1435,,,MPD2023,,,,2011 international dollars,persons,GDP per capita multiplied by population
IND,India,South and South East Asia,1436,,,MPD2023,,,,2011 international dollars,persons,GDP per capita multiplied by population
IND,India,South and South East Asia,1437,,,MPD2023,,,,2011 international dollars,persons,GDP per capita multiplied by population
IND,India,South and South East Asia,1438,,,MPD2023,,,,2011 international dollars,persons,GDP per capita multiplied by population
IND,India,South and South East Asia,1439,,,MPD2023,,,,2011 international dollars,persons,GDP per capita multiplied by population
IND,India,South and South East Asia,1440,,,MPD2023,,,,2011 international dollars,persons,GDP per capita multiplied by population
IND,India,South and South East Asia,1441,,,MPD2023,,,,2011 international dollars,persons,GDP per capita multiplied by population
IND,India,South and South East Asia,1442,,,MPD2023,,,,2011 international dollars,persons,GDP per capita multiplied by population
IND,India,South and South East Asia,1443,,,MPD2023,,,,2011 international dollars,persons,GDP per capita multiplied by population
IND,India,South and South East Asia,1444,,,MPD2023,,,,2011 international dollars,persons,GDP per capita multiplied by population
IND,India,South and South East Asia,1445,,,MPD2023,,,,2011 international dollars,persons,GDP per capita multiplied by population
IND,India,South and South East Asia,1446,,,MPD2023,,,,2011 international dollars,persons,GDP per capita multiplied by population
IND,India,South and South East Asia,1447,,,MPD2023,,,,2011 international dollars,persons,GDP per capita multiplied by population
IND,India,South and South East Asia,1448,,,MPD2023,,,,2011 international dollars,persons,GDP per capita multiplied by population
IND,India,South and South East Asia,1449,,,MPD2023,,,,2011 international dollars,persons,GDP per capita multiplied by population
IND,India,South and South East Asia,1450,,,MPD2023,,,,2011 international dollars,persons,GDP per capita multiplied by population
IND,India,South and South East Asia,1451,,,MPD2023,,,,2011 international dollars,persons,GDP per capita multiplied by population
IND,India,South and South East Asia,1452,,,MPD2023,,,,2011 international dollars,persons,GDP per capita multiplied by population
IND,India,South and South East Asia,1453,,,MPD2023,,,,2011 international dollars,persons,GDP per capita multiplied by population
IND,India,South and South East Asia,1454,,,MPD2023,,,,2011 international dollars,persons,GDP per capita multiplied by population
IND,India,South and South East Asia,1455,,,MPD2023,,,,2011 international dollars,persons,GDP per capita multiplied by population
IND,India,South and South East Asia,1456,,,MPD2023,,,,2011 international dollars,persons,GDP per capita multiplied by population
IND,India,South and South East Asia,1457,,,MPD2023,,,,2011 international dollars,persons,GDP per capita multiplied by population
IND,India,South and South East Asia,1458,,,MPD2023,,,,2011 international dollars,persons,GDP per capita multiplied by population
IND,India,South and South East Asia,1459,,,MPD2023,,,,2011 international dollars,persons,GDP per capita multiplied by population
IND,India,South and South East Asia,1460,,,MPD2023,,,,2011 international dollars,persons,GDP per capita multiplied by population
IND,India,South and South East Asia,1461,,,MPD2023,,,,2011 international dollars,persons,GDP per capita multiplied by population
IND,India,South and South East Asia,1462,,,MPD2023,,,,2011 international dollars,persons,GDP per capita multiplied by population
IND,India,South and South East Asia,1463,,,MPD2023,,,,2011 international dollars,persons,GDP per capita multiplied by population
IND,India,South and South East Asia,1464,,,MPD2023,,,,2011 international dollars,persons,GDP per capita multiplied by population
IND,India,South and South East Asia,1465,,,MPD2023,,,,2011 international dollars,persons,GDP per capita multiplied by population
IND,India,South and South East Asia,1466,,,MPD2023,,,,2011 international dollars,persons,GDP per capita multiplied by population
IND,India,South and South East Asia,1467,,,MPD2023,,,,2011 international dollars,persons,GDP per capita multiplied by population
IND,India,South and South East Asia,1468,,,MPD2023,,,,2011 international dollars,persons,GDP per capita multiplied by population
IND,India,South and South East Asia,1469,,,MPD2023,,,,2011 international dollars,persons,GDP per capita multiplied by population
IND,India,South and South East Asia,1470,,,MPD2023,,,,2011 international dollars,persons,GDP per capita multiplied by population
IND,India,South and South East Asia,1471,,,MPD2023,,,,2011 international dollars,persons,GDP per capita multiplied by population
IND,India,South and South East Asia,1472,,,MPD2023,,,,2011 international dollars,persons,GDP per capita multiplied by population
IND,India,South and South East Asia,1473,,,MPD2023,,,,2011 international dollars,persons,GDP per capita multiplied by population
IND,India,South and South East Asia,1474,,,MPD2023,,,,2011 international dollars,persons,GDP per capita multiplied by population
IND,India,South and South East Asia,1475,,,MPD2023,,,,2011 international dollars,persons,GDP per capita multiplied by population
IND,India,South and South East Asia,1476,,,MPD2023,,,,2011 international dollars,persons,GDP per capita multiplied by population
IND,India,South and South East Asia,1477,,,MPD2023,,,,2011 international dollars,persons,GDP per capita multiplied by population
IND,India,South and South East Asia,1478,,,MPD2023,,,,2011 international dollars,persons,GDP per capita multiplied by population
IND,India,South and South East Asia,1479,,,MPD2023,,,,2011 international dollars,persons,GDP per capita multiplied by population
IND,India,South and South East Asia,1480,,,MPD2023,,,,2011 international dollars,persons,GDP per capita multiplied by population
IND,India,South and South East Asia,1481,,,MPD2023,,,,2011 international dollars,persons,GDP per capita multiplied by population
IND,India,South and South East Asia,1482,,,MPD2023,,,,2011 international dollars,persons,GDP per capita multiplied by population
IND,India,South and South East Asia,1483,,,MPD2023,,,,2011 international dollars,persons,GDP per capita multiplied by population
IND,India,South and South East Asia,1484,,,MPD2023,,,,2011 international dollars,persons,GDP per capita multiplied by population
IND,India,South and South East Asia,1485,,,MPD2023,,,,2011 international dollars,persons,GDP per capita multiplied by population
IND,India,South and South East Asia,1486,,,MPD2023,,,,2011 international dollars,persons,GDP per capita multiplied by population
IND,India,South and South East Asia,1487,,,MPD2023,,,,2011 international dollars,persons,GDP per capita multiplied by population
IND,India,South and South East Asia,1488,,,MPD2023,,,,2011 international dollars,persons,GDP per capita multiplied by population
IND,India,South and South East Asia,1489,,,MPD2023,,,,2011 international dollars,persons,GDP per capita multiplied by population
IND,India,South and South East Asia,1490,,,MPD2023,,,,2011 international dollars,persons,GDP per capita multiplied by population
IND,India,South and South East Asia,1491,,,MPD2023,,,,2011 international dollars,persons,GDP per capita multiplied by population
IND,India,South and South East Asia,1492,,,MPD2023,,,,2011 international dollars,persons,GDP per capita multiplied by population
IND,India,South and South East Asia,1493,,,MPD2023,,,,2011 international dollars,persons,GDP per capita multiplied by population
IND,India,South and South East Asia,1494,,,MPD2023,,,,2011 international dollars,persons,GDP per capita multiplied by population
IND,India,South and South East Asia,1495,,,MPD2023,,,,2011 international dollars,persons,GDP per capita multiplied by population
IND,India,South and South East Asia,1496,,,MPD2023,,,,2011 international dollars,persons,GDP per capita multiplied by population
IND,India,South and South East Asia,1497,,,MPD2023,,,,2011 international dollars,persons,GDP per capita multiplied by population
IND,India,South and South East Asia,1498,,,MPD2023,,,,2011 international dollars,persons,GDP per capita multiplied by population
IND,India,South and South East Asia,1499,,,MPD2023,,,,2011 international dollars,persons,GDP per capita multiplied by population
IND,India,South and South East Asia,1500,,110000.0,MPD2023,,110000000.0,,2011 international dollars,persons,GDP per capita multiplied by population
IND,India,South and South East Asia,1501,,,MPD2023,,,,2011 international dollars,persons,GDP per capita multiplied by population
IND,India,South and South East Asia,1502,,,MPD2023,,,,2011 international dollars,persons,GDP per capita multiplied by population
IND,India,South and South East Asia,1503,,,MPD2023,,,,2011 international dollars,persons,GDP per capita multiplied by population
IND,India,South and South East Asia,1504,,,MPD2023,,,,2011 international dollars,persons,GDP per capita multiplied by population
IND,India,South and South East Asia,1505,,,MPD2023,,,,2011 international dollars,persons,GDP per capita multiplied by population
IND,India,South and South East Asia,1506,,,MPD2023,,,,2011 international dollars,persons,GDP per capita multiplied by population
IND,India,South and South East Asia,1507,,,MPD2023,,,,2011 international dollars,persons,GDP per capita multiplied by population
IND,India,South and South East Asia,1508,,,MPD2023,,,,2011 international dollars,persons,GDP per capita multiplied by population
IND,India,South and South East Asia,1509,,,MPD2023,,,,2011 international dollars,persons,GDP per capita multiplied by population
IND,India,South and South East Asia,1510,,,MPD2023,,,,2011 international dollars,persons,GDP per capita multiplied by population
IND,India,South and South East Asia,1511,,,MPD2023,,,,2011 international dollars,persons,GDP per capita multiplied by population
IND,India,South and South East Asia,1512,,,MPD2023,,,,2011 international dollars,persons,GDP per capita multiplied by population
IND,India,South and South East Asia,1513,,,MPD2023,,,,2011 international dollars,persons,GDP per capita multiplied by population
IND,India,South and South East Asia,1514,,,MPD2023,,,,2011 international dollars,persons,GDP per capita multiplied by population
IND,India,South and South East Asia,1515,,,MPD2023,,,,2011 international dollars,persons,GDP per capita multiplied by population
IND,India,South and South East Asia,1516,,,MPD2023,,,,2011 international dollars,persons,GDP per capita multiplied by population
IND,India,South and South East Asia,1517,,,MPD2023,,,,2011 international dollars,persons,GDP per capita multiplied by population
IND,India,South and South East Asia,1518,,,MPD2023,,,,2011 international dollars,persons,GDP per capita multiplied by population
IND,India,South and South East Asia,1519,,,MPD2023,,,,2011 international dollars,persons,GDP per capita multiplied by population
IND,India,South and South East Asia,1520,,,MPD2023,,,,2011 international dollars,persons,GDP per capita multiplied by population
IND,India,South and South East Asia,1521,,,MPD2023,,,,2011 international dollars,persons,GDP per capita multiplied by population
IND,India,South and South East Asia,1522,,,MPD2023,,,,2011 international dollars,persons,GDP per capita multiplied by population
IND,India,South and South East Asia,1523,,,MPD2023,,,,2011 international dollars,persons,GDP per capita multiplied by population
IND,India,South and South East Asia,1524,,,MPD2023,,,,2011 international dollars,persons,GDP per capita multiplied by population
IND,India,South and South East Asia,1525,,,MPD2023,,,,2011 international dollars,persons,GDP per capita multiplied by population
IND,India,South and South East Asia,1526,,,MPD2023,,,,2011 international dollars,persons,GDP per capita multiplied by population
IND,India,South and South East Asia,1527,,,MPD2023,,,,2011 international dollars,persons,GDP per capita multiplied by population
IND,India,South and South East Asia,1528,,,MPD2023,,,,2011 international dollars,persons,GDP per capita multiplied by population
IND,India,South and South East Asia,1529,,,MPD2023,,,,2011 international dollars,persons,GDP per capita multiplied by population
IND,India,South and South East Asia,1530,,,MPD2023,,,,2011 international dollars,persons,GDP per capita multiplied by population
IND,India,South and South East Asia,1531,,,MPD2023,,,,2011 international dollars,persons,GDP per capita multiplied by population
IND,India,South and South East Asia,1532,,,MPD2023,,,,2011 international dollars,persons,GDP per capita multiplied by population
IND,India,South and South East Asia,1533,,,MPD2023,,,,2011 international dollars,persons,GDP per capita multiplied by population
IND,India,South and South East Asia,1534,,,MPD2023,,,,2011 international dollars,persons,GDP per capita multiplied by population
IND,India,South and South East Asia,1535,,,MPD2023,,,,2011 international dollars,persons,GDP per capita multiplied by population
IND,India,South and South East Asia,1536,,,MPD2023,,,,2011 international dollars,persons,GDP per capita multiplied by population
IND,India,South and South East Asia,1537,,,MPD2023,,,,2011 international dollars,persons,GDP per capita multiplied by population
IND,India,South and South East Asia,1538,,,MPD2023,,,,2011 international dollars,persons,GDP per capita multiplied by population
IND,India,South and South East Asia,1539,,,MPD2023,,,,2011 international dollars,persons,GDP per capita multiplied by population
IND,India,South and South East Asia,1540,,,MPD2023,,,,2011 international dollars,persons,GDP per capita multiplied by population
IND,India,South and South East Asia,1541,,,MPD2023,,,,2011 international dollars,persons,GDP per capita multiplied by population
IND,India,South and South East Asia,1542,,,MPD2023,,,,2011 international dollars,persons,GDP per capita multiplied by population
IND,India,South and South East Asia,1543,,,MPD2023,,,,2011 international dollars,persons,GDP per capita multiplied by population
IND,India,South and South East Asia,1544,,,MPD2023,,,,2011 international dollars,persons,GDP per capita multiplied by population
IND,India,South and South East Asia,1545,,,MPD2023,,,,2011 international dollars,persons,GDP per capita multiplied by population
IND,India,South and South East Asia,1546,,,MPD2023,,,,2011 international dollars,persons,GDP per capita multiplied by population
IND,India,South and South East Asia,1547,,,MPD2023,,,,2011 international dollars,persons,GDP per capita multiplied by population
IND,India,South and South East Asia,1548,,,MPD2023,,,,2011 international dollars,persons,GDP per capita multiplied by population
IND,India,South and South East Asia,1549,,,MPD2023,,,,2011 international dollars,persons,GDP per capita multiplied by population
IND,India,South and South East Asia,1550,,,MPD2023,,,,2011 international dollars,persons,GDP per capita multiplied by population
IND,India,South and South East Asia,1551,,,MPD2023,,,,2011 international dollars,persons,GDP per capita multiplied by population
IND,India,South and South East Asia,1552,,,MPD2023,,,,2011 international dollars,persons,GDP per capita multiplied by population
IND,India,South and South East Asia,1553,,,MPD2023,,,,2011 international dollars,persons,GDP per capita multiplied by population
IND,India,South and South East Asia,1554,,,MPD2023,,,,2011 international dollars,persons,GDP per capita multiplied by population
IND,India,South and South East Asia,1555,,,MPD2023,,,,2011 international dollars,persons,GDP per capita multiplied by population
IND,India,South and South East Asia,1556,,,MPD2023,,,,2011 international dollars,persons,GDP per capita multiplied by population
IND,India,South and South East Asia,1557,,,MPD2023,,,,2011 international dollars,persons,GDP per capita multiplied by population
IND,India,South and South East Asia,1558,,,MPD2023,,,,2011 international dollars,persons,GDP per capita multiplied by population
IND,India,South and South East Asia,1559,,,MPD2023,,,,2011 international dollars,persons,GDP per capita multiplied by population
IND,India,South and South East Asia,1560,,,MPD2023,,,,2011 international dollars,persons,GDP per capita multiplied by population
IND,India,South and South East Asia,1561,,,MPD2023,,,,2011 international dollars,persons,GDP per capita multiplied by population
IND,India,South and South East Asia,1562,,,MPD2023,,,,2011 international dollars,persons,GDP per capita multiplied by population
IND,India,South and South East Asia,1563,,,MPD2023,,,,2011 international dollars,persons,GDP per capita multiplied by population
IND,India,South and South East Asia,1564,,,MPD2023,,,,2011 international dollars,persons,GDP per capita multiplied by population
IND,India,South and South East Asia,1565,,,MPD2023,,,,2011 international dollars,persons,GDP per capita multiplied by population
IND,India,South and South East Asia,1566,,,MPD2023,,,,2011 international dollars,persons,GDP per capita multiplied by population
IND,India,South and South East Asia,1567,,,MPD2023,,,,2011 international dollars,persons,GDP per capita multiplied by population
IND,India,South and South East Asia,1568,,,MPD2023,,,,2011 international dollars,persons,GDP per capita multiplied by population
IND,India,South and South East Asia,1569,,,MPD2023,,,,2011 international dollars,persons,GDP per capita multiplied by population
IND,India,South and South East Asia,1570,,,MPD2023,,,,2011 international dollars,persons,GDP per capita multiplied by population
IND,India,South and South East Asia,1571,,,MPD2023,,,,2011 international dollars,persons,GDP per capita multiplied by population
IND,India,South and South East Asia,1572,,,MPD2023,,,,2011 international dollars,persons,GDP per capita multiplied by population
IND,India,South and South East Asia,1573,,,MPD2023,,,,2011 international dollars,persons,GDP per capita multiplied by population
IND,India,South and South East Asia,1574,,,MPD2023,,,,2011 international dollars,persons,GDP per capita multiplied by population
IND,India,South and South East Asia,1575,,,MPD2023,,,,2011 international dollars,persons,GDP per capita multiplied by population
IND,India,South and South East Asia,1576,,,MPD2023,,,,2011 international dollars,persons,GDP per capita multiplied by population
IND,India,South and South East Asia,1577,,,MPD2023,,,,2011 international dollars,persons,GDP per capita multiplied by population
IND,India,South and South East Asia,1578,,,MPD2023,,,,2011 international dollars,persons,GDP per capita multiplied by population
IND,India,South and South East Asia,1579,,,MPD2023,,,,2011 international dollars,persons,GDP per capita multiplied by population
IND,India,South and South East Asia,1580,,,MPD2023,,,,2011 international dollars,persons,GDP per capita multiplied by population
IND,India,South and South East Asia,1581,,,MPD2023,,,,2011 international dollars,persons,GDP per capita multiplied by population
IND,India,South and South East Asia,1582,,,MPD2023,,,,2011 international dollars,persons,GDP per capita multiplied by population
IND,India,South and South East Asia,1583,,,MPD2023,,,,2011 international dollars,persons,GDP per capita multiplied by population
IND,India,South and South East Asia,1584,,,MPD2023,,,,2011 international dollars,persons,GDP per capita multiplied by population
IND,India,South and South East Asia,1585,,,MPD2023,,,,2011 international dollars,persons,GDP per capita multiplied by population
IND,India,South and South East Asia,1586,,,MPD2023,,,,2011 international dollars,persons,GDP per capita multiplied by population
IND,India,South and South East Asia,1587,,,MPD2023,,,,2011 international dollars,persons,GDP per capita multiplied by population
IND,India,South and South East Asia,1588,,,MPD2023,,,,2011 international dollars,persons,GDP per capita multiplied by population
IND,India,South and South East Asia,1589,,,MPD2023,,,,2011 international dollars,persons,GDP per capita multiplied by population
IND,India,South and South East Asia,1590,,,MPD2023,,,,2011 international dollars,persons,GDP per capita multiplied by population
IND,India,South and South East Asia,1591,,,MPD2023,,,,2011 international dollars,persons,GDP per capita multiplied by population
IND,India,South and South East Asia,1592,,,MPD2023,,,,2011 international dollars,persons,GDP per capita multiplied by population
IND,India,South and South East Asia,1593,,,MPD2023,,,,2011 international dollars,persons,GDP per capita multiplied by population
IND,India,South and South East Asia,1594,,,MPD2023,,,,2011 international dollars,persons,GDP per capita multiplied by population
IND,India,South and South East Asia,1595,,,MPD2023,,,,2011 international dollars,persons,GDP per capita multiplied by population
IND,India,South and South East Asia,1596,,,MPD2023,,,,2011 international dollars,persons,GDP per capita multiplied by population
IND,India,South and South East Asia,1597,,,MPD2023,,,,2011 international dollars,persons,GDP per capita multiplied by population
IND,India,South and South East Asia,1598,,,MPD2023,,,,2011 international dollars,persons,GDP per capita multiplied by population
IND,India,South and South East Asia,1599,,,MPD2023,,,,2011 international dollars,persons,GDP per capita multiplied by population
IND,India,South and South East Asia,1600,1264.0,135000.0,MPD2023,1264.0,135000000.0,170640000000.0,2011 international dollars,persons,GDP per capita multiplied by population
IND,India,South and South East Asia,1601,,,MPD2023,,,,2011 international dollars,persons,GDP per capita multiplied by population
IND,India,South and South East Asia,1602,,,MPD2023,,,,2011 international dollars,persons,GDP per capita multiplied by population
IND,India,South and South East Asia,1603,,,MPD2023,,,,2011 international dollars,persons,GDP per capita multiplied by population
IND,India,South and South East Asia,1604,,,MPD2023,,,,2011 international dollars,persons,GDP per capita multiplied by population
IND,India,South and South East Asia,1605,,,MPD2023,,,,2011 international dollars,persons,GDP per capita multiplied by population
IND,India,South and South East Asia,1606,,,MPD2023,,,,2011 international dollars,persons,GDP per capita multiplied by population
IND,India,South and South East Asia,1607,,,MPD2023,,,,2011 international dollars,persons,GDP per capita multiplied by population
IND,India,South and South East Asia,1608,,,MPD2023,,,,2011 international dollars,persons,GDP per capita multiplied by population
IND,India,South and South East Asia,1609,,,MPD2023,,,,2011 international dollars,persons,GDP per capita multiplied by population
IND,India,South and South East Asia,1610,,,MPD2023,,,,2011 international dollars,persons,GDP per capita multiplied by population
IND,India,South and South East Asia,1611,,,MPD2023,,,,2011 international dollars,persons,GDP per capita multiplied by population
IND,India,South and South East Asia,1612,,,MPD2023,,,,2011 international dollars,persons,GDP per capita multiplied by population
IND,India,South and South East Asia,1613,,,MPD2023,,,,2011 international dollars,persons,GDP per capita multiplied by population
IND,India,South and South East Asia,1614,,,MPD2023,,,,2011 international dollars,persons,GDP per capita multiplied by population
IND,India,South and South East Asia,1615,,,MPD2023,,,,2011 international dollars,persons,GDP per capita multiplied by population
IND,India,South and South East Asia,1616,,,MPD2023,,,,2011 international dollars,persons,GDP per capita multiplied by population
IND,India,South and South East Asia,1617,,,MPD2023,,,,2011 international dollars,persons,GDP per capita multiplied by population
IND,India,South and South East Asia,1618,,,MPD2023,,,,2011 international dollars,persons,GDP per capita multiplied by population
IND,India,South and South East Asia,1619,,,MPD2023,,,,2011 international dollars,persons,GDP per capita multiplied by population
IND,India,South and South East Asia,1620,,,MPD2023,,,,2011 international dollars,persons,GDP per capita multiplied by population
IND,India,South and South East Asia,1621,,,MPD2023,,,,2011 international dollars,persons,GDP per capita multiplied by population
IND,India,South and South East Asia,1622,,,MPD2023,,,,2011 international dollars,persons,GDP per capita multiplied by population
IND,India,South and South East Asia,1623,,,MPD2023,,,,2011 international dollars,persons,GDP per capita multiplied by population
IND,India,South and South East Asia,1624,,,MPD2023,,,,2011 international dollars,persons,GDP per capita multiplied by population
IND,India,South and South East Asia,1625,,,MPD2023,,,,2011 international dollars,persons,GDP per capita multiplied by population
IND,India,South and South East Asia,1626,,,MPD2023,,,,2011 international dollars,persons,GDP per capita multiplied by population
IND,India,South and South East Asia,1627,,,MPD2023,,,,2011 international dollars,persons,GDP per capita multiplied by population
IND,India,South and South East Asia,1628,,,MPD2023,,,,2011 international dollars,persons,GDP per capita multiplied by population
IND,India,South and South East Asia,1629,,,MPD2023,,,,2011 international dollars,persons,GDP per capita multiplied by population
IND,India,South and South East Asia,1630,,,MPD2023,,,,2011 international dollars,persons,GDP per capita multiplied by population
IND,India,South and South East Asia,1631,,,MPD2023,,,,2011 international dollars,persons,GDP per capita multiplied by population
IND,India,South and South East Asia,1632,,,MPD2023,,,,2011 international dollars,persons,GDP per capita multiplied by population
IND,India,South and South East Asia,1633,,,MPD2023,,,,2011 international dollars,persons,GDP per capita multiplied by population
IND,India,South and South East Asia,1634,,,MPD2023,,,,2011 international dollars,persons,GDP per capita multiplied by population
IND,India,South and South East Asia,1635,,,MPD2023,,,,2011 international dollars,persons,GDP per capita multiplied by population
IND,India,South and South East Asia,1636,,,MPD2023,,,,2011 international dollars,persons,GDP per capita multiplied by population
IND,India,South and South East Asia,1637,,,MPD2023,,,,2011 international dollars,persons,GDP per capita multiplied by population
IND,India,South and South East Asia,1638,,,MPD2023,,,,2011 international dollars,persons,GDP per capita multiplied by population
IND,India,South and South East Asia,1639,,,MPD2023,,,,2011 international dollars,persons,GDP per capita multiplied by population
IND,India,South and South East Asia,1640,,,MPD2023,,,,2011 international dollars,persons,GDP per capita multiplied by population
IND,India,South and South East Asia,1641,,,MPD2023,,,,2011 international dollars,persons,GDP per capita multiplied by population
IND,India,South and South East Asia,1642,,,MPD2023,,,,2011 international dollars,persons,GDP per capita multiplied by population
IND,India,South and South East Asia,1643,,,MPD2023,,,,2011 international dollars,persons,GDP per capita multiplied by population
IND,India,South and South East Asia,1644,,,MPD2023,,,,2011 international dollars,persons,GDP per capita multiplied by population
IND,India,South and South East Asia,1645,,,MPD2023,,,,2011 international dollars,persons,GDP per capita multiplied by population
IND,India,South and South East Asia,1646,,,MPD2023,,,,2011 international dollars,persons,GDP per capita multiplied by population
IND,India,South and South East Asia,1647,,,MPD2023,,,,2011 international dollars,persons,GDP per capita multiplied by population
IND,India,South and South East Asia,1648,,,MPD2023,,,,2011 international dollars,persons,GDP per capita multiplied by population
IND,India,South and South East Asia,1649,,,MPD2023,,,,2011 international dollars,persons,GDP per capita multiplied by population
IND,India,South and South East Asia,1650,1189.0,,MPD2023,1189.0,,,2011 international dollars,persons,GDP per capita multiplied by population
IND,India,South and South East Asia,1651,,,MPD2023,,,,2011 international dollars,persons,GDP per capita multiplied by population
IND,India,South and South East Asia,1652,,,MPD2023,,,,2011 international dollars,persons,GDP per capita multiplied by population
IND,India,South and South East Asia,1653,,,MPD2023,,,,2011 international dollars,persons,GDP per capita multiplied by population
IND,India,South and South East Asia,1654,,,MPD2023,,,,2011 international dollars,persons,GDP per capita multiplied by population
IND,India,South and South East Asia,1655,,,MPD2023,,,,2011 international dollars,persons,GDP per capita multiplied by population
IND,India,South and South East Asia,1656,,,MPD2023,,,,2011 international dollars,persons,GDP per capita multiplied by population
IND,India,South and South East Asia,1657,,,MPD2023,,,,2011 international dollars,persons,GDP per capita multiplied by population
IND,India,South and South East Asia,1658,,,MPD2023,,,,2011 international dollars,persons,GDP per capita multiplied by population
IND,India,South and South East Asia,1659,,,MPD2023,,,,2011 international dollars,persons,GDP per capita multiplied by population
IND,India,South and South East Asia,1660,,,MPD2023,,,,2011 international dollars,persons,GDP per capita multiplied by population
IND,India,South and South East Asia,1661,,,MPD2023,,,,2011 international dollars,persons,GDP per capita multiplied by population
IND,India,South and South East Asia,1662,,,MPD2023,,,,2011 international dollars,persons,GDP per capita multiplied by population
IND,India,South and South East Asia,1663,,,MPD2023,,,,2011 international dollars,persons,GDP per capita multiplied by population
IND,India,South and South East Asia,1664,,,MPD2023,,,,2011 international dollars,persons,GDP per capita multiplied by population
IND,India,South and South East Asia,1665,,,MPD2023,,,,2011 international dollars,persons,GDP per capita multiplied by population
IND,India,South and South East Asia,1666,,,MPD2023,,,,2011 international dollars,persons,GDP per capita multiplied by population
IND,India,South and South East Asia,1667,,,MPD2023,,,,2011 international dollars,persons,GDP per capita multiplied by population
IND,India,South and South East Asia,1668,,,MPD2023,,,,2011 international dollars,persons,GDP per capita multiplied by population
IND,India,South and South East Asia,1669,,,MPD2023,,,,2011 international dollars,persons,GDP per capita multiplied by population
IND,India,South and South East Asia,1670,,,MPD2023,,,,2011 international dollars,persons,GDP per capita multiplied by population
IND,India,South and South East Asia,1671,,,MPD2023,,,,2011 international dollars,persons,GDP per capita multiplied by population
IND,India,South and South East Asia,1672,,,MPD2023,,,,2011 international dollars,persons,GDP per capita multiplied by population
IND,India,South and South East Asia,1673,,,MPD2023,,,,2011 international dollars,persons,GDP per capita multiplied by population
IND,India,South and South East Asia,1674,,,MPD2023,,,,2011 international dollars,persons,GDP per capita multiplied by population
IND,India,South and South East Asia,1675,,,MPD2023,,,,2011 international dollars,persons,GDP per capita multiplied by population
IND,India,South and South East Asia,1676,,,MPD2023,,,,2011 international dollars,persons,GDP per capita multiplied by population
IND,India,South and South East Asia,1677,,,MPD2023,,,,2011 international dollars,persons,GDP per capita multiplied by population
IND,India,South and South East Asia,1678,,,MPD2023,,,,2011 international dollars,persons,GDP per capita multiplied by population
IND,India,South and South East Asia,1679,,,MPD2023,,,,2011 international dollars,persons,GDP per capita multiplied by population
IND,India,South and South East Asia,1680,,,MPD2023,,,,2011 international dollars,persons,GDP per capita multiplied by population
IND,India,South and South East Asia,1681,,,MPD2023,,,,2011 international dollars,persons,GDP per capita multiplied by population
IND,India,South and South East Asia,1682,,,MPD2023,,,,2011 international dollars,persons,GDP per capita multiplied by population
IND,India,South and South East Asia,1683,,,MPD2023,,,,2011 international dollars,persons,GDP per capita multiplied by population
IND,India,South and South East Asia,1684,,,MPD2023,,,,2011 international dollars,persons,GDP per capita multiplied by population
IND,India,South and South East Asia,1685,,,MPD2023,,,,2011 international dollars,persons,GDP per capita multiplied by population
IND,India,South and South East Asia,1686,,,MPD2023,,,,2011 international dollars,persons,GDP per capita multiplied by population
IND,India,South and South East Asia,1687,,,MPD2023,,,,2011 international dollars,persons,GDP per capita multiplied by population
IND,India,South and South East Asia,1688,,,MPD2023,,,,2011 international dollars,persons,GDP per capita multiplied by population
IND,India,South and South East Asia,1689,,,MPD2023,,,,2011 international dollars,persons,GDP per capita multiplied by population
IND,India,South and South East Asia,1690,,,MPD2023,,,,2011 international dollars,persons,GDP per capita multiplied by population
IND,India,South and South East Asia,1691,,,MPD2023,,,,2011 international dollars,persons,GDP per capita multiplied by population
IND,India,South and South East Asia,1692,,,MPD2023,,,,2011 international dollars,persons,GDP per capita multiplied by population
IND,India,South and South East Asia,1693,,,MPD2023,,,,2011 international dollars,persons,GDP per capita multiplied by population
IND,India,South and South East Asia,1694,,,MPD2023,,,,2011 international dollars,persons,GDP per capita multiplied by population
IND,India,South and South East Asia,1695,,,MPD2023,,,,2011 international dollars,persons,GDP per capita multiplied by population
IND,India,South and South East Asia,1696,,,MPD2023,,,,2011 international dollars,persons,GDP per capita multiplied by population
IND,India,South and South East Asia,1697,,,MPD2023,,,,2011 international dollars,persons,GDP per capita multiplied by population
IND,India,South and South East Asia,1698,,,MPD2023,,,,2011 international dollars,persons,GDP per capita multiplied by population
IND,India,South and South East Asia,1699,,,MPD2023,,,,2011 international dollars,persons,GDP per capita multiplied by population
IND,India,South and South East Asia,1700,1162.0,165000.0,MPD2023,1162.0,165000000.0,191730000000.0,2011 international dollars,persons,GDP per capita multiplied by population
IND,India,South and South East Asia,1701,,,MPD2023,,,,2011 international dollars,persons,GDP per capita multiplied by population
IND,India,South and South East Asia,1702,,,MPD2023,,,,2011 international dollars,persons,GDP per capita multiplied by population
IND,India,South and South East Asia,1703,,,MPD2023,,,,2011 international dollars,persons,GDP per capita multiplied by population
IND,India,South and South East Asia,1704,,,MPD2023,,,,2011 international dollars,persons,GDP per capita multiplied by population
IND,India,South and South East Asia,1705,,,MPD2023,,,,2011 international dollars,persons,GDP per capita multiplied by population
IND,India,South and South East Asia,1706,,,MPD2023,,,,2011 international dollars,persons,GDP per capita multiplied by population
IND,India,South and South East Asia,1707,,,MPD2023,,,,2011 international dollars,persons,GDP per capita multiplied by population
IND,India,South and South East Asia,1708,,,MPD2023,,,,2011 international dollars,persons,GDP per capita multiplied by population
IND,India,South and South East Asia,1709,,,MPD2023,,,,2011 international dollars,persons,GDP per capita multiplied by population
IND,India,South and South East Asia,1710,,,MPD2023,,,,2011 international dollars,persons,GDP per capita multiplied by population
IND,India,South and South East Asia,1711,,,MPD2023,,,,2011 international dollars,persons,GDP per capita multiplied by population
IND,India,South and South East Asia,1712,,,MPD2023,,,,2011 international dollars,persons,GDP per capita multiplied by population
IND,India,South and South East Asia,1713,,,MPD2023,,,,2011 international dollars,persons,GDP per capita multiplied by population
IND,India,South and South East Asia,1714,,,MPD2023,,,,2011 international dollars,persons,GDP per capita multiplied by population
IND,India,South and South East Asia,1715,,,MPD2023,,,,2011 international dollars,persons,GDP per capita multiplied by population
IND,India,South and South East Asia,1716,,,MPD2023,,,,2011 international dollars,persons,GDP per capita multiplied by population
IND,India,South and South East Asia,1717,,,MPD2023,,,,2011 international dollars,persons,GDP per capita multiplied by population
IND,India,South and South East Asia,1718,,,MPD2023,,,,2011 international dollars,persons,GDP per capita multiplied by population
IND,India,South and South East Asia,1719,,,MPD2023,,,,2011 international dollars,persons,GDP per capita multiplied by population
IND,India,South and South East Asia,1720,,,MPD2023,,,,2011 international dollars,persons,GDP per capita multiplied by population
IND,India,South and South East Asia,1721,,,MPD2023,,,,2011 international dollars,persons,GDP per capita multiplied by population
IND,India,South and South East Asia,1722,,,MPD2023,,,,2011 international dollars,persons,GDP per capita multiplied by population
IND,India,South and South East Asia,1723,,,MPD2023,,,,2011 international dollars,persons,GDP per capita multiplied by population
IND,India,South and South East Asia,1724,,,MPD2023,,,,2011 international dollars,persons,GDP per capita multiplied by population
IND,India,South and South East Asia,1725,,,MPD2023,,,,2011 international dollars,persons,GDP per capita multiplied by population
IND,India,South and South East Asia,1726,,,MPD2023,,,,2011 international dollars,persons,GDP per capita multiplied by population
IND,India,South and South East Asia,1727,,,MPD2023,,,,2011 international dollars,persons,GDP per capita multiplied by population
IND,India,South and South East Asia,1728,,,MPD2023,,,,2011 international dollars,persons,GDP per capita multiplied by population
IND,India,South and South East Asia,1729,,,MPD2023,,,,2011 international dollars,persons,GDP per capita multiplied by population
IND,India,South and South East Asia,1730,,,MPD2023,,,,2011 international dollars,persons,GDP per capita multiplied by population
IND,India,South and South East Asia,1731,,,MPD2023,,,,2011 international dollars,persons,GDP per capita multiplied by population
IND,India,South and South East Asia,1732,,,MPD2023,,,,2011 international dollars,persons,GDP per capita multiplied by population
IND,India,South and South East Asia,1733,,,MPD2023,,,,2011 international dollars,persons,GDP per capita multiplied by population
IND,India,South and South East Asia,1734,,,MPD2023,,,,2011 international dollars,persons,GDP per capita multiplied by population
IND,India,South and South East Asia,1735,,,MPD2023,,,,2011 international dollars,persons,GDP per capita multiplied by population
IND,India,South and South East Asia,1736,,,MPD2023,,,,2011 international dollars,persons,GDP per capita multiplied by population
IND,India,South and South East Asia,1737,,,MPD2023,,,,2011 international dollars,persons,GDP per capita multiplied by population
IND,India,South and South East Asia,1738,,,MPD2023,,,,2011 international dollars,persons,GDP per capita multiplied by population
IND,India,South and South East Asia,1739,,,MPD2023,,,,2011 international dollars,persons,GDP per capita multiplied by population
IND,India,South and South East Asia,1740,,,MPD2023,,,,2011 international dollars,persons,GDP per capita multiplied by population
IND,India,South and South East Asia,1741,,,MPD2023,,,,2011 international dollars,persons,GDP per capita multiplied by population
IND,India,South and South East Asia,1742,,,MPD2023,,,,2011 international dollars,persons,GDP per capita multiplied by population
IND,India,South and South East Asia,1743,,,MPD2023,,,,2011 international dollars,persons,GDP per capita multiplied by population
IND,India,South and South East Asia,1744,,,MPD2023,,,,2011 international dollars,persons,GDP per capita multiplied by population
IND,India,South and South East Asia,1745,,,MPD2023,,,,2011 international dollars,persons,GDP per capita multiplied by population
IND,India,South and South East Asia,1746,,,MPD2023,,,,2011 international dollars,persons,GDP per capita multiplied by population
IND,India,South and South East Asia,1747,,,MPD2023,,,,2011 international dollars,persons,GDP per capita multiplied by population
IND,India,South and South East Asia,1748,,,MPD2023,,,,2011 international dollars,persons,GDP per capita multiplied by population
IND,India,South and South East Asia,1749,,,MPD2023,,,,2011 international dollars,persons,GDP per capita multiplied by population
IND,India,South and South East Asia,1750,1068.0,,MPD2023,1068.0,,,2011 international dollars,persons,GDP per capita multiplied by population
IND,India,South and South East Asia,1751,,,MPD2023,,,,2011 international dollars,persons,GDP per capita multiplied by population
IND,India,South and South East Asia,1752,,,MPD2023,,,,2011 international dollars,persons,GDP per capita multiplied by population
IND,India,South and South East Asia,1753,,,MPD2023,,,,2011 international dollars,persons,GDP per capita multiplied by population
IND,India,South and South East Asia,1754,,,MPD2023,,,,2011 international dollars,persons,GDP per capita multiplied by population
IND,India,South and South East Asia,1755,,,MPD2023,,,,2011 international dollars,persons,GDP per capita multiplied by population
IND,India,South and South East Asia,1756,,,MPD2023,,,,2011 international dollars,persons,GDP per capita multiplied by population
IND,India,South and South East Asia,1757,,,MPD2023,,,,2011 international dollars,persons,GDP per capita multiplied by population
IND,India,South and South East Asia,1758,,,MPD2023,,,,2011 international dollars,persons,GDP per capita multiplied by population
IND,India,South and South East Asia,1759,,,MPD2023,,,,2011 international dollars,persons,GDP per capita multiplied by population
IND,India,South and South East Asia,1760,,,MPD2023,,,,2011 international dollars,persons,GDP per capita multiplied by population
IND,India,South and South East Asia,1761,,,MPD2023,,,,2011 international dollars,persons,GDP per capita multiplied by population
IND,India,South and South East Asia,1762,,,MPD2023,,,,2011 international dollars,persons,GDP per capita multiplied by population
IND,India,South and South East Asia,1763,,,MPD2023,,,,2011 international dollars,persons,GDP per capita multiplied by population
IND,India,South and South East Asia,1764,,,MPD2023,,,,2011 international dollars,persons,GDP per capita multiplied by population
IND,India,South and South East Asia,1765,,,MPD2023,,,,2011 international dollars,persons,GDP per capita multiplied by population
IND,India,South and South East Asia,1766,,,MPD2023,,,,2011 international dollars,persons,GDP per capita multiplied by population
IND,India,South and South East Asia,1767,,,MPD2023,,,,2011 international dollars,persons,GDP per capita multiplied by population
IND,India,South and South East Asia,1768,,,MPD2023,,,,2011 international dollars,persons,GDP per capita multiplied by population
IND,India,South and South East Asia,1769,,,MPD2023,,,,2011 international dollars,persons,GDP per capita multiplied by population
IND,India,South and South East Asia,1770,,,MPD2023,,,,2011 international dollars,persons,GDP per capita multiplied by population
IND,India,South and South East Asia,1771,,,MPD2023,,,,2011 international dollars,persons,GDP per capita multiplied by population
IND,India,South and South East Asia,1772,,,MPD2023,,,,2011 international dollars,persons,GDP per capita multiplied by population
IND,India,South and South East Asia,1773,,,MPD2023,,,,2011 international dollars,persons,GDP per capita multiplied by population
IND,India,South and South East Asia,1774,,,MPD2023,,,,2011 international dollars,persons,GDP per capita multiplied by population
IND,India,South and South East Asia,1775,,,MPD2023,,,,2011 international dollars,persons,GDP per capita multiplied by population
IND,India,South and South East Asia,1776,,,MPD2023,,,,2011 international dollars,persons,GDP per capita multiplied by population
IND,India,South and South East Asia,1777,,,MPD2023,,,,2011 international dollars,persons,GDP per capita multiplied by population
IND,India,South and South East Asia,1778,,,MPD2023,,,,2011 international dollars,persons,GDP per capita multiplied by population
IND,India,South and South East Asia,1779,,,MPD2023,,,,2011 international dollars,persons,GDP per capita multiplied by population
IND,India,South and South East Asia,1780,,,MPD2023,,,,2011 international dollars,persons,GDP per capita multiplied by population
IND,India,South and South East Asia,1781,,,MPD2023,,,,2011 international dollars,persons,GDP per capita multiplied by population
IND,India,South and South East Asia,1782,,,MPD2023,,,,2011 international dollars,persons,GDP per capita multiplied by population
IND,India,South and South East Asia,1783,,,MPD2023,,,,2011 international dollars,persons,GDP per capita multiplied by population
IND,India,South and South East Asia,1784,,,MPD2023,,,,2011 international dollars,persons,GDP per capita multiplied by population
IND,India,South and South East Asia,1785,,,MPD2023,,,,2011 international dollars,persons,GDP per capita multiplied by population
IND,India,South and South East Asia,1786,,,MPD2023,,,,2011 international dollars,persons,GDP per capita multiplied by population
IND,India,South and South East Asia,1787,,,MPD2023,,,,2011 international dollars,persons,GDP per capita multiplied by population
IND,India,South and South East Asia,1788,,,MPD2023,,,,2011 international dollars,persons,GDP per capita multiplied by population
IND,India,South and South East Asia,1789,,,MPD2023,,,,2011 international dollars,persons,GDP per capita multiplied by population
IND,India,South and South East Asia,1790,,,MPD2023,,,,2011 international dollars,persons,GDP per capita multiplied by population
IND,India,South and South East Asia,1791,,,MPD2023,,,,2011 international dollars,persons,GDP per capita multiplied by population
IND,India,South and South East Asia,1792,,,MPD2023,,,,2011 international dollars,persons,GDP per capita multiplied by population
IND,India,South and South East Asia,1793,,,MPD2023,,,,2011 international dollars,persons,GDP per capita multiplied by population
IND,India,South and South East Asia,1794,,,MPD2023,,,,2011 international dollars,persons,GDP per capita multiplied by population
IND,India,South and South East Asia,1795,,,MPD2023,,,,2011 international dollars,persons,GDP per capita multiplied by population
IND,India,South and South East Asia,1796,,,MPD2023,,,,2011 international dollars,persons,GDP per capita multiplied by population
IND,India,South and South East Asia,1797,,,MPD2023,,,,2011 international dollars,persons,GDP per capita multiplied by population
IND,India,South and South East Asia,1798,,,MPD2023,,,,2011 international dollars,persons,GDP per capita multiplied by population
IND,India,South and South East Asia,1799,,,MPD2023,,,,2011 international dollars,persons,GDP per capita multiplied by population
IND,India,South and South East Asia,1800,,,MPD2023,,,,2011 international dollars,persons,GDP per capita multiplied by population
IND,India,South and South East Asia,1801,1033.0,,MPD2023,1033.0,,,2011 international dollars,persons,GDP per capita multiplied by population
IND,India,South and South East Asia,1802,,,MPD2023,,,,2011 international dollars,persons,GDP per capita multiplied by population
IND,India,South and South East Asia,1803,,,MPD2023,,,,2011 international dollars,persons,GDP per capita multiplied by population
IND,India,South and South East Asia,1804,,,MPD2023,,,,2011 international dollars,persons,GDP per capita multiplied by population
IND,India,South and South East Asia,1805,,,MPD2023,,,,2011 international dollars,persons,GDP per capita multiplied by population
IND,India,South and South East Asia,1806,,,MPD2023,,,,2011 international dollars,persons,GDP per capita multiplied by population
IND,India,South and South East Asia,1807,,,MPD2023,,,,2011 international dollars,persons,GDP per capita multiplied by population
IND,India,South and South East Asia,1808,,,MPD2023,,,,2011 international dollars,persons,GDP per capita multiplied by population
IND,India,South and South East Asia,1809,,,MPD2023,,,,2011 international dollars,persons,GDP per capita multiplied by population
IND,India,South and South East Asia,1810,,,MPD2023,,,,2011 international dollars,persons,GDP per capita multiplied by population
IND,India,South and South East Asia,1811,983.0,,MPD2023,983.0,,,2011 international dollars,persons,GDP per capita multiplied by population
IND,India,South and South East Asia,1812,,,MPD2023,,,,2011 international dollars,persons,GDP per capita multiplied by population
IND,India,South and South East Asia,1813,,,MPD2023,,,,2011 international dollars,persons,GDP per capita multiplied by population
IND,India,South and South East Asia,1814,,,MPD2023,,,,2011 international dollars,persons,GDP per capita multiplied by population
IND,India,South and South East Asia,1815,,,MPD2023,,,,2011 international dollars,persons,GDP per capita multiplied by population
IND,India,South and South East Asia,1816,,,MPD2023,,,,2011 international dollars,persons,GDP per capita multiplied by population
IND,India,South and South East Asia,1817,,,MPD2023,,,,2011 international dollars,persons,GDP per capita multiplied by population
IND,India,South and South East Asia,1818,,,MPD2023,,,,2011 international dollars,persons,GDP per capita multiplied by population
IND,India,South and South East Asia,1819,,,MPD2023,,,,2011 international dollars,persons,GDP per capita multiplied by population
IND,India,South and South East Asia,1820,,209000.0,MPD2023,,209000000.0,,2011 international dollars,persons,GDP per capita multiplied by population
IND,India,South and South East Asia,1821,937.0,209842.0,MPD2023,937.0,209842000.0,196621954000.0,2011 international dollars,persons,GDP per capita multiplied by population
IND,India,South and South East Asia,1822,,210688.0,MPD2023,,210688000.0,,2011 international dollars,persons,GDP per capita multiplied by population
IND,India,South and South East Asia,1823,,211537.0,MPD2023,,211537000.0,,2011 international dollars,persons,GDP per capita multiplied by population
IND,India,South and South East Asia,1824,,212389.0,MPD2023,,212389000.0,,2011 international dollars,persons,GDP per capita multiplied by population
IND,India,South and South East Asia,1825,,213245.0,MPD2023,,213245000.0,,2011 international dollars,persons,GDP per capita multiplied by population
IND,India,South and South East Asia,1826,,214105.0,MPD2023,,214105000.0,,2011 international dollars,persons,GDP per capita multiplied by population
IND,India,South and South East Asia,1827,,214967.0,MPD2023,,214967000.0,,2011 international dollars,persons,GDP per capita multiplied by population
IND,India,South and South East Asia,1828,,215834.0,MPD2023,,215834000.0,,2011 international dollars,persons,GDP per capita multiplied by population
IND,India,South and South East Asia,1829,,216703.0,MPD2023,,216703000.0,,2011 international dollars,persons,GDP per capita multiplied by population
IND,India,South and South East Asia,1830,,217577.0,MPD2023,,217577000.0,,2011 international dollars,persons,GDP per capita multiplied by population
IND,India,South and South East Asia,1831,945.0,218453.0,MPD2023,945.0,218453000.0,206438085000.0,2011 international dollars,persons,GDP per capita multiplied by population
IND,India,South and South East Asia,1832,,219334.0,MPD2023,,219334000.0,,2011 international dollars,persons,GDP per capita multiplied by population
IND,India,South and South East Asia,1833,,220218.0,MPD2023,,220218000.0,,2011 international dollars,persons,GDP per capita multiplied by population
IND,India,South and South East Asia,1834,,221105.0,MPD2023,,221105000.0,,2011 international dollars,persons,GDP per capita multiplied by population
IND,India,South and South East Asia,1835,,221996.0,MPD2023,,221996000.0,,2011 international dollars,persons,GDP per capita multiplied by population
IND,India,South and South East Asia,1836,,222891.0,MPD2023,,222891000.0,,2011 international dollars,persons,GDP per capita multiplied by population
IND,India,South and South East Asia,1837,,223789.0,MPD2023,,223789000.0,,2011 international dollars,persons,GDP per capita multiplied by population
IND,India,South and South East Asia,1838,,224691.0,MPD2023,,224691000.0,,2011 international dollars,persons,GDP per capita multiplied by population
IND,India,South and South East Asia,1839,,225596.0,MPD2023,,225596000.0,,2011 international dollars,persons,GDP per capita multiplied by population
IND,India,South and South East Asia,1840,,226505.0,MPD2023,,226505000.0,,2011 international dollars,persons,GDP per capita multiplied by population
IND,India,South and South East Asia,1841,944.0,227418.0,MPD2023,944.0,227418000.0,214682592000.0,2011 international dollars,persons,GDP per capita multiplied by population
IND,India,South and South East Asia,1842,,228334.0,MPD2023,,228334000.0,,2011 international dollars,persons,GDP per capita multiplied by population
IND,India,South and South East Asia,1843,,229254.0,MPD2023,,229254000.0,,2011 international dollars,persons,GDP per capita multiplied by population
IND,India,South and South East Asia,1844,,230178.0,MPD2023,,230178000.0,,2011 international dollars,persons,GDP per capita multiplied by population
IND,India,South and South East Asia,1845,,231106.0,MPD2023,,231106000.0,,2011 international dollars,persons,GDP per capita multiplied by population
IND,India,South and South East Asia,1846,,232037.0,MPD2023,,232037000.0,,2011 international dollars,persons,GDP per capita multiplied by population
IND,India,South and South East Asia,1847,,232972.0,MPD2023,,232972000.0,,2011 international dollars,persons,GDP per capita multiplied by population
IND,India,South and South East Asia,1848,,233911.0,MPD2023,,233911000.0,,2011 international dollars,persons,GDP per capita multiplied by population
IND,India,South and South East Asia,1849,,234854.0,MPD2023,,234854000.0,,2011 international dollars,persons,GDP per capita multiplied by population
IND,India,South and South East Asia,1850,947.0,235800.0,MPD2023,947.0,235800000.0,223302600000.0,2011 international dollars,persons,GDP per capita multiplied by population
IND,India,South and South East Asia,1851,947.0,236632.0,MPD2023,947.0,236632000.0,224090504000.0,2011 international dollars,persons,GDP per capita multiplied by population
IND,India,South and South East Asia,1852,,237466.0,MPD2023,,237466000.0,,2011 international dollars,persons,GDP per capita multiplied by population
IND,India,South and South East Asia,1853,,238303.0,MPD2023,,238303000.0,,2011 international dollars,persons,GDP per capita multiplied by population
IND,India,South and South East Asia,1854,,239144.0,MPD2023,,239144000.0,,2011 international dollars,persons,GDP per capita multiplied by population
IND,India,South and South East Asia,1855,,239987.0,MPD2023,,239987000.0,,2011 international dollars,persons,GDP per capita multiplied by population
IND,India,South and South East Asia,1856,,240833.0,MPD2023,,240833000.0,,2011 international dollars,persons,GDP per capita multiplied by population
IND,India,South and South East Asia,1857,,241683.0,MPD2023,,241683000.0,,2011 international dollars,persons,GDP per capita multiplied by population
IND,India,South and South East Asia,1858,,242535.0,MPD2023,,242535000.0,,2011 international dollars,persons,GDP per capita multiplied by population
IND,India,South and South East Asia,1859,,243390.0,MPD2023,,243390000.0,,2011 international dollars,persons,GDP per capita multiplied by population
IND,India,South and South East Asia,1860,,244249.0,MPD2023,,244249000.0,,2011 international dollars,persons,GDP per capita multiplied by population
IND,India,South and South East Asia,1861,896.0,245110.0,MPD2023,896.0,245110000.0,219618560000.0,2011 international dollars,persons,GDP per capita multiplied by population
IND,India,South and South East Asia,1862,,245974.0,MPD2023,,245974000.0,,2011 international dollars,persons,GDP per capita multiplied by population
IND,India,South and South East Asia,1863,,246842.0,MPD2023,,246842000.0,,2011 international dollars,persons,GDP per capita multiplied by population
IND,India,South and South East Asia,1864,,247712.0,MPD2023,,247712000.0,,2011 international dollars,persons,GDP per capita multiplied by population
IND,India,South and South East Asia,1865,,248586.0,MPD2023,,248586000.0,,2011 international dollars,persons,GDP per capita multiplied by population
IND,India,South and South East Asia,1866,,249462.0,MPD2023,,249462000.0,,2011 international dollars,persons,GDP per capita multiplied by population
IND,India,South and South East Asia,1867,,250342.0,MPD2023,,250342000.0,,2011 international dollars,persons,GDP per capita multiplied by population
IND,India,South and South East Asia,1868,,251225.0,MPD2023,,251225000.0,,2011 international dollars,persons,GDP per capita multiplied by population
IND,India,South and South East Asia,1869,,252111.0,MPD2023,,252111000.0,,2011 international dollars,persons,GDP per capita multiplied by population
IND,India,South and South East Asia,1870,850.0,253000.0,MPD2023,850.0,253000000.0,215050000000.0,2011 international dollars,persons,GDP per capita multiplied by population
IND,India,South and South East Asia,1871,,253417.0,MPD2023,,253417000.0,,2011 international dollars,persons,GDP per capita multiplied by population
IND,India,South and South East Asia,1872,,253834.0,MPD2023,,253834000.0,,2011 international dollars,persons,GDP per capita multiplied by population
IND,India,South and South East Asia,1873,,254253.0,MPD2023,,254253000.0,,2011 international dollars,persons,GDP per capita multiplied by population
IND,India,South and South East Asia,1874,,254672.0,MPD2023,,254672000.0,,2011 international dollars,persons,GDP per capita multiplied by population
IND,India,South and South East Asia,1875,,255091.0,MPD2023,,255091000.0,,2011 international dollars,persons,GDP per capita multiplied by population
IND,India,South and South East Asia,1876,,255512.0,MPD2023,,255512000.0,,2011 international dollars,persons,GDP per capita multiplied by population
IND,India,South and South East Asia,1877,,255933.0,MPD2023,,255933000.0,,2011 international dollars,persons,GDP per capita multiplied by population
IND,India,South and South East Asia,1878,,256354.0,MPD2023,,256354000.0,,2011 international dollars,persons,GDP per capita multiplied by population
IND,India,South and South East Asia,1879,,256777.0,MPD2023,,256777000.0,,2011 international dollars,persons,GDP per capita multiplied by population
IND,India,South and South East Asia,1880,,257200.0,MPD2023,,257200000.0,,2011 international dollars,persons,GDP per capita multiplied by population
IND,India,South and South East Asia,1881,,259359.0,MPD2023,,259359000.0,,2011 international dollars,persons,GDP per capita multiplied by population
IND,India,South and South East Asia,1882,,261536.0,MPD2023,,261536000.0,,2011 international dollars,persons,GDP per capita multiplied by population
IND,India,South and South East Asia,1883,,263732.0,MPD2023,,263732000.0,,2011 international dollars,persons,GDP per capita multiplied by population
IND,India,South and South East Asia,1884,878.0,265946.0,MPD2023,878.0,265946000.0,233500588000.0,2011 international dollars,persons,GDP per capita multiplied by population
IND,India,South and South East Asia,1885,904.0,268179.0,MPD2023,904.0,268179000.0,242433816000.0,2011 international dollars,persons,GDP per capita multiplied by population
IND,India,South and South East Asia,1886,874.0,270430.0,MPD2023,874.0,270430000.0,236355820000.0,2011 international dollars,persons,GDP per capita multiplied by population
IND,India,South and South East Asia,1887,912.0,272700.0,MPD2023,912.0,272700000.0,248702400000.0,2011 international dollars,persons,GDP per capita multiplied by population
IND,India,South and South East Asia,1888,918.0,274990.0,MPD2023,918.0,274990000.0,252440820000.0,2011 international dollars,persons,GDP per capita multiplied by population
IND,India,South and South East Asia,1889,891.0,277298.0,MPD2023,891.0,277298000.0,247072518000.0,2011 international dollars,persons,GDP per capita multiplied by population
IND,India,South and South East Asia,1890,931.0,279626.0,MPD2023,931.0,279626000.0,260331806000.0,2011 international dollars,persons,GDP per capita multiplied by population
IND,India,South and South East Asia,1891,843.0,280110.0,MPD2023,843.0,280110000.0,236132730000.0,2011 international dollars,persons,GDP per capita multiplied by population
IND,India,South and South East Asia,1892,910.0,280594.0,MPD2023,910.0,280594000.0,255340540000.0,2011 international dollars,persons,GDP per capita multiplied by population
IND,India,South and South East Asia,1893,931.0,281079.0,MPD2023,931.0,281079000.0,261684549000.0,2011 international dollars,persons,GDP per capita multiplied by population
IND,India,South and South East Asia,1894,944.0,281565.0,MPD2023,944.0,281565000.0,265797360000.0,2011 international dollars,persons,GDP per capita multiplied by population
IND,India,South and South East Asia,1895,920.0,282052.0,MPD2023,920.0,282052000.0,259487840000.0,2011 international dollars,persons,GDP per capita multiplied by population
IND,India,South and South East Asia,1896,850.0,282540.0,MPD2023,850.0,282540000.0,240159000000.0,2011 international dollars,persons,GDP per capita multiplied by population
IND,India,South and South East Asia,1897,1004.0,283029.0,MPD2023,1004.0,283029000.0,284161116000.0,2011 international dollars,persons,GDP per capita multiplied by population
IND,India,South and South East Asia,1898,1004.0,283518.0,MPD2023,1004.0,283518000.0,284652072000.0,2011 international dollars,persons,GDP per capita multiplied by population
IND,India,South and South East Asia,1899,925.0,284009.0,MPD2023,925.0,284009000.0,262708325000.0,2011 international dollars,persons,GDP per capita multiplied by population
IND,India,South and South East Asia,1900,955.0,284500.0,MPD2023,955.0,284500000.0,271697500000.0,2011 international dollars,persons,GDP per capita multiplied by population
IND,India,South and South East Asia,1901,969.0,286200.0,MPD2023,969.0,286200000.0,277327800000.0,2011 international dollars,persons,GDP per capita multiplied by population
IND,India,South and South East Asia,1902,1044.0,288000.0,MPD2023,1044.0,288000000.0,300672000000.0,2011 international dollars,persons,GDP per capita multiplied by population
IND,India,South and South East Asia,1903,1052.0,289700.0,MPD2023,1052.0,289700000.0,304764400000.0,2011 international dollars,persons,GDP per capita multiplied by population
IND,India,South and South East Asia,1904,1050.0,291500.0,MPD2023,1050.0,291500000.0,306075000000.0,2011 international dollars,persons,GDP per capita multiplied by population
IND,India,South and South East Asia,1905,1025.0,293300.0,MPD2023,1025.0,293300000.0,300632500000.0,2011 international dollars,persons,GDP per capita multiplied by population
IND,India,South and South East Asia,1906,1047.0,295100.0,MPD2023,1047.0,295100000.0,308969700000.0,2011 international dollars,persons,GDP per capita multiplied by population
IND,India,South and South East Asia,1907,979.0,296900.0,MPD2023,979.0,296900000.0,290665100000.0,2011 international dollars,persons,GDP per capita multiplied by population
IND,India,South and South East Asia,1908,987.0,298700.0,MPD2023,987.0,298700000.0,294816900000.0,2011 international dollars,persons,GDP per capita multiplied by population
IND,India,South and South East Asia,1909,1116.0,300500.0,MPD2023,1116.0,300500000.0,335358000000.0,2011 international dollars,persons,GDP per capita multiplied by population
IND,India,South and South East Asia,1910,1111.0,302100.0,MPD2023,1111.0,302100000.0,335633100000.0,2011 international dollars,persons,GDP per capita multiplied by population
IND,India,South and South East Asia,1911,1101.0,303100.0,MPD2023,1101.0,303100000.0,333713100000.0,2011 international dollars,persons,GDP per capita multiplied by population
IND,India,South and South East Asia,1912,1098.0,303400.0,MPD2023,1098.0,303400000.0,333133200000.0,2011 international dollars,persons,GDP per capita multiplied by population
IND,India,South and South East Asia,1913,1073.0,303700.0,MPD2023,1073.0,303700000.0,325870100000.0,2011 international dollars,persons,GDP per capita multiplied by population
IND,India,South and South East Asia,1914,1130.0,304000.0,MPD2023,1130.0,304000000.0,343520000000.0,2011 international dollars,persons,GDP per capita multiplied by population
IND,India,South and South East Asia,1915,1101.0,304200.0,MPD2023,1101.0,304200000.0,334924200000.0,2011 international dollars,persons,GDP per capita multiplied by population
IND,India,South and South East Asia,1916,1132.0,304500.0,MPD2023,1132.0,304500000.0,344694000000.0,2011 international dollars,persons,GDP per capita multiplied by population
IND,India,South and South East Asia,1917,1111.0,304800.0,MPD2023,1111.0,304800000.0,338632800000.0,2011 international dollars,persons,GDP per capita multiplied by population
IND,India,South and South East Asia,1918,968.0,305100.0,MPD2023,968.0,305100000.0,295336800000.0,2011 international dollars,persons,GDP per capita multiplied by population
IND,India,South and South East Asia,1919,1100.0,305300.0,MPD2023,1100.0,305300000.0,335830000000.0,2011 international dollars,persons,GDP per capita multiplied by population
IND,India,South and South East Asia,1920,1012.0,305600.0,MPD2023,1012.0,305600000.0,309267200000.0,2011 international dollars,persons,GDP per capita multiplied by population
IND,India,South and South East Asia,1921,1082.0,307300.0,MPD2023,1082.0,307300000.0,332498600000.0,2011 international dollars,persons,GDP per capita multiplied by population
IND,India,South and South East Asia,1922,1117.0,310400.0,MPD2023,1117.0,310400000.0,346716800000.0,2011 international dollars,persons,GDP per capita multiplied by population
IND,India,South and South East Asia,1923,1070.0,313600.0,MPD2023,1070.0,313600000.0,335552000000.0,2011 international dollars,persons,GDP per capita multiplied by population
IND,India,South and South East Asia,1924,1111.0,316700.0,MPD2023,1111.0,316700000.0,351853700000.0,2011 international dollars,persons,GDP per capita multiplied by population
IND,India,South and South East Asia,1925,1113.0,319900.0,MPD2023,1113.0,319900000.0,356048700000.0,2011 international dollars,persons,GDP per capita multiplied by population
IND,India,South and South East Asia,1926,1137.0,323200.0,MPD2023,1137.0,323200000.0,367478400000.0,2011 international dollars,persons,GDP per capita multiplied by population
IND,India,South and South East Asia,1927,1125.0,326400.0,MPD2023,1125.0,326400000.0,367200000000.0,2011 international dollars,persons,GDP per capita multiplied by population
IND,India,South and South East Asia,1928,1125.0,329700.0,MPD2023,1125.0,329700000.0,370912500000.0,2011 international dollars,persons,GDP per capita multiplied by population
IND,India,South and South East Asia,1929,1160.0,333100.0,MPD2023,1160.0,333100000.0,386396000000.0,2011 international dollars,persons,GDP per capita multiplied by population
IND,India,South and South East Asia,1930,1157.0,336400.0,MPD2023,1157.0,336400000.0,389214800000.0,2011 international dollars,persons,GDP per capita multiplied by population
IND,India,South and South East Asia,1931,1133.0,341000.0,MPD2023,1133.0,341000000.0,386353000000.0,2011 international dollars,persons,GDP per capita multiplied by population
IND,India,South and South East Asia,1932,1130.0,345800.0,MPD2023,1130.0,345800000.0,390754000000.0,2011 international dollars,persons,GDP per capita multiplied by population
IND,India,South and South East Asia,1933,1116.0,350700.0,MPD2023,1116.0,350700000.0,391381200000.0,2011 international dollars,persons,GDP per capita multiplied by population
IND,India,South and South East Asia,1934,1111.0,355600.0,MPD2023,1111.0,355600000.0,395071600000.0,2011 international dollars,persons,GDP per capita multiplied by population
IND,India,South and South East Asia,1935,1084.0,360600.0,MPD2023,1084.0,360600000.0,390890400000.0,2011 international dollars,persons,GDP per capita multiplied by population
IND,India,South and South East Asia,1936,1111.0,365700.0,MPD2023,1111.0,365700000.0,406292700000.0,2011 international dollars,persons,GDP per capita multiplied by population
IND,India,South and South East Asia,1937,1078.0,370900.0,MPD2023,1078.0,370900000.0,399830200000.0,2011 international dollars,persons,GDP per capita multiplied by population
IND,India,South and South East Asia,1938,1065.0,376100.0,MPD2023,1065.0,376100000.0,400546500000.0,2011 international dollars,persons,GDP per capita multiplied by population
IND,India,South and South East Asia,1939,1074.0,381400.0,MPD2023,1074.0,381400000.0,409623600000.0,2011 international dollars,persons,GDP per capita multiplied by population
IND,India,South and South East Asia,1940,1093.0,386800.0,MPD2023,1093.0,386800000.0,422772400000.0,2011 international dollars,persons,GDP per capita multiplied by population
IND,India,South and South East Asia,1941,1101.0,391700.0,MPD2023,1101.0,391700000.0,431261700000.0,2011 international dollars,persons,GDP per capita multiplied by population
IND,India,South and South East Asia,1942,1082.0,396300.0,MPD2023,1082.0,396300000.0,428796600000.0,2011 international dollars,persons,GDP per capita multiplied by population
IND,India,South and South East Asia,1943,1113.0,400900.0,MPD2023,1113.0,400900000.0,446201700000.0,2011 international dollars,persons,GDP per capita multiplied by population
IND,India,South and South East Asia,1944,1089.0,405600.0,MPD2023,1089.0,405600000.0,441698400000.0,2011 international dollars,persons,GDP per capita multiplied by population
IND,India,South and South East Asia,1945,1058.0,410400.0,MPD2023,1058.0,410400000.0,434203200000.0,2011 international dollars,persons,GDP per capita multiplied by population
IND,India,South and South East Asia,1946,991.0,415200.0,MPD2023,991.0,415200000.0,411463200000.0,2011 international dollars,persons,GDP per capita multiplied by population
IND,India,South and South East Asia,1947,985.0,346000.0,MPD2023,985.0,346000000.0,340810000000.0,2011 international dollars,persons,GDP per capita multiplied by population
IND,India,South and South East Asia,1948,983.0,350000.0,MPD2023,983.0,350000000.0,344050000000.0,2011 international dollars,persons,GDP per capita multiplied by population
IND,India,South and South East Asia,1949,995.0,355000.0,MPD2023,995.0,355000000.0,353225000000.0,2011 international dollars,persons,GDP per capita multiplied by population
IND,India,South and South East Asia,1950,987.0,359000.0,MPD2023,987.0,359000000.0,354333000000.0,2011 international dollars,persons,GDP per capita multiplied by population
IND,India,South and South East Asia,1951,993.0,365000.0,MPD2023,993.0,365000000.0,362445000000.0,2011 international dollars,persons,GDP per capita multiplied by population
IND,India,South and South East Asia,1952,1003.0,372000.0,MPD2023,1003.0,372000000.0,373116000000.0,2011 international dollars,persons,GDP per capita multiplied by population
IND,India,South and South East Asia,1953,1047.0,379000.0,MPD2023,1047.0,379000000.0,396813000000.0,2011 international dollars,persons,GDP per capita multiplied by population
IND,India,South and South East Asia,1954,1071.0,386000.0,MPD2023,1071.0,386000000.0,413406000000.0,2011 international dollars,persons,GDP per capita multiplied by population
IND,India,South and South East Asia,1955,1078.0,393000.0,MPD2023,1078.0,393000000.0,423654000000.0,2011 international dollars,persons,GDP per capita multiplied by population
IND,India,South and South East Asia,1956,1117.0,401000.0,MPD2023,1117.0,401000000.0,447917000000.0,2011 international dollars,persons,GDP per capita multiplied by population
IND,India,South and South East Asia,1957,1084.0,409000.0,MPD2023,1084.0,409000000.0,443356000000.0,2011 international dollars,persons,GDP per capita multiplied by population
IND,India,South and South East Asia,1958,1141.0,418000.0,MPD2023,1141.0,418000000.0,476938000000.0,2011 international dollars,persons,GDP per capita multiplied by population
IND,India,South and South East Asia,1959,1143.0,426000.0,MPD2023,1143.0,426000000.0,486918000000.0,2011 international dollars,persons,GDP per capita multiplied by population
IND,India,South and South East Asia,1960,1200.0,434000.0,MPD2023,1200.0,434000000.0,520800000000.0,2011 international dollars,persons,GDP per capita multiplied by population
IND,India,South and South East Asia,1961,1208.0,444000.0,MPD2023,1208.0,444000000.0,536352000000.0,2011 international dollars,persons,GDP per capita multiplied by population
IND,India,South and South East Asia,1962,1208.0,454000.0,MPD2023,1208.0,454000000.0,548432000000.0,2011 international dollars,persons,GDP per capita multiplied by population
IND,India,South and South East Asia,1963,1242.0,464000.0,MPD2023,1242.0,464000000.0,576288000000.0,2011 international dollars,persons,GDP per capita multiplied by population
IND,India,South and South East Asia,1964,1309.0,474000.0,MPD2023,1309.0,474000000.0,620466000000.0,2011 international dollars,persons,GDP per capita multiplied by population
IND,India,South and South East Asia,1965,1229.0,485000.0,MPD2023,1229.0,485000000.0,596065000000.0,2011 international dollars,persons,GDP per capita multiplied by population
IND,India,South and South East Asia,1966,1215.0,495000.0,MPD2023,1215.0,495000000.0,601425000000.0,2011 international dollars,persons,GDP per capita multiplied by population
IND,India,South and South East Asia,1967,1286.0,506000.0,MPD2023,1286.0,506000000.0,650716000000.0,2011 international dollars,persons,GDP per capita multiplied by population
IND,India,South and South East Asia,1968,1290.0,518000.0,MPD2023,1290.0,518000000.0,668220000000.0,2011 international dollars,persons,GDP per capita multiplied by population
IND,India,South and South East Asia,1969,1347.0,529000.0,MPD2023,1347.0,529000000.0,712563000000.0,2011 international dollars,persons,GDP per capita multiplied by population
IND,India,South and South East Asia,1970,1384.0,541000.0,MPD2023,1384.0,541000000.0,748744000000.0,2011 international dollars,persons,GDP per capita multiplied by population
IND,India,South and South East Asia,1971,1364.0,554000.0,MPD2023,1364.0,554000000.0,755656000000.0,2011 international dollars,persons,GDP per capita multiplied by population
IND,India,South and South East Asia,1972,1329.0,567000.0,MPD2023,1329.0,567000000.0,753543000000.0,2011 international dollars,persons,GDP per capita multiplied by population
IND,India,South and South East Asia,1973,1360.0,580000.0,MPD2023,1360.0,580000000.0,788800000000.0,2011 international dollars,persons,GDP per capita multiplied by population
IND,India,South and South East Asia,1974,1344.0,593000.0,MPD2023,1344.0,593000000.0,796992000000.0,2011 international dollars,persons,GDP per capita multiplied by population
IND,India,South and South East Asia,1975,1430.0,607000.0,MPD2023,1430.0,607000000.0,868010000000.0,2011 international dollars,persons,GDP per capita multiplied by population
IND,India,South and South East Asia,1976,1417.0,620000.0,MPD2023,1417.0,620000000.0,878540000000.0,2011 international dollars,persons,GDP per capita multiplied by population
IND,India,South and South East Asia,1977,1494.0,634000.0,MPD2023,1494.0,634000000.0,947196000000.0,2011 international dollars,persons,GDP per capita multiplied by population
IND,India,South and South East Asia,1978,1540.0,648000.0,MPD2023,1540.0,648000000.0,997920000000.0,2011 international dollars,persons,GDP per capita multiplied by population
IND,India,South and South East Asia,1979,1427.0,664000.0,MPD2023,1427.0,664000000.0,947528000000.0,2011 international dollars,persons,GDP per capita multiplied by population
IND,India,South and South East Asia,1980,1495.0,679000.0,MPD2023,1495.0,679000000.0,1015105000000.0,2011 international dollars,persons,GDP per capita multiplied by population
IND,India,South and South East Asia,1981,1557.0,692000.0,MPD2023,1557.0,692000000.0,1077444000000.0,2011 international dollars,persons,GDP per capita multiplied by population
IND,India,South and South East Asia,1982,1570.0,708000.0,MPD2023,1570.0,708000000.0,1111560000000.0,2011 international dollars,persons,GDP per capita multiplied by population
IND,India,South and South East Asia,1983,1663.0,723000.0,MPD2023,1663.0,723000000.0,1202349000000.0,2011 international dollars,persons,GDP per capita multiplied by population
IND,India,South and South East Asia,1984,1690.0,739000.0,MPD2023,1690.0,739000000.0,1248910000000.0,2011 international dollars,persons,GDP per capita multiplied by population
IND,India,South and South East Asia,1985,1720.0,755000.0,MPD2023,1720.0,755000000.0,1298600000000.0,2011 international dollars,persons,GDP per capita multiplied by population
IND,India,South and South East Asia,1986,1755.0,771000.0,MPD2023,1755.0,771000000.0,1353105000000.0,2011 international dollars,persons,GDP per capita multiplied by population
IND,India,South and South East Asia,1987,1793.0,788000.0,MPD2023,1793.0,788000000.0,1412884000000.0,2011 international dollars,persons,GDP per capita multiplied by population
IND,India,South and South East Asia,1988,1938.0,805000.0,MPD2023,1938.0,805000000.0,1560090000000.0,2011 international dollars,persons,GDP per capita multiplied by population
IND,India,South and South East Asia,1989,2024.0,822000.0,MPD2023,2024.0,822000000.0,1663728000000.0,2011 international dollars,persons,GDP per capita multiplied by population
IND,India,South and South East Asia,1990,2087.0,839000.0,MPD2023,2087.0,839000000.0,1750993000000.0,2011 international dollars,persons,GDP per capita multiplied by population
IND,India,South and South East Asia,1991,2062.3101938964883,857530.33,MPD2023,2062.3101938964883,857530330.0,1768493541134.4197,2011 international dollars,persons,GDP per capita multiplied by population
IND,India,South and South East Asia,1992,2115.257442888654,875407.18,MPD2023,2115.257442888654,875407180.0,1851711553053.1677,2011 international dollars,persons,GDP per capita multiplied by population
IND,India,South and South East Asia,1993,2176.4277546796197,893369.39,MPD2023,2176.4277546796197,893369390.0,1944353935577.2014,2011 international dollars,persons,GDP per capita multiplied by population
IND,India,South and South East Asia,1994,2254.8988565309332,911360.86,MPD2023,2254.8988565309332,911360860.0,2055026561101.0479,2011 international dollars,persons,GDP per capita multiplied by population
IND,India,South and South East Asia,1995,2355.963213949457,929359.12,MPD2023,2355.963213949457,929359120.0,2189535899268.439,2011 international dollars,persons,GDP per capita multiplied by population
IND,India,South and South East Asia,1996,2475.56805896638,947349.69,MPD2023,2475.56805896638,947349690.0,2345228633235.7017,2011 international dollars,persons,GDP per capita multiplied by population
IND,India,South and South East Asia,1997,2514.0217106960536,965307.79,MPD2023,2514.0217106960536,965307790.0,2426804741564.027,2011 international dollars,persons,GDP per capita multiplied by population
IND,India,South and South East Asia,1998,2611.781380479922,983180.71,MPD2023,2611.781380479922,983180710.0,2567853072025.03,2011 international dollars,persons,GDP per capita multiplied by population
IND,India,South and South East Asia,1999,2707.7406339436475,1000964.74,MPD2023,2707.7406339436475,1000964740.0,2710352899642.8384,2011 international dollars,persons,GDP per capita multiplied by population
IND,India,South and South East Asia,2000,2753.08550705882,1018667.41,MPD2023,2753.08550705882,1018667410.0,2804478482984.145,2011 international dollars,persons,GDP per capita multiplied by population
IND,India,South and South East Asia,2001,2837.8555311499513,1036256.26,MPD2023,2837.8555311499513,1036256260.0,2940745559129.762,2011 international dollars,persons,GDP per capita multiplied by population
IND,India,South and South East Asia,2002,2870.9236333256918,1053662.56,MPD2023,2870.9236333256918,1053662560.0,3024984745054.4497,2011 international dollars,persons,GDP per capita multiplied by population
IND,India,South and South East Asia,2003,3035.9225160240767,1070881.82,MPD2023,3035.9225160240767,1070881820.0000001,3251114229338.843,2011 international dollars,persons,GDP per capita multiplied by population
IND,India,South and South East Asia,2004,3212.5110336341645,1087941.16,MPD2023,3212.5110336341645,1087941160.0,3495022980444.752,2011 international dollars,persons,GDP per capita multiplied by population
IND,India,South and South East Asia,2005,3396.6487023021523,1104803.03,MPD2023,3396.6487023021523,1104803030.0,3752627778148.986,2011 international dollars,persons,GDP per capita multiplied by population
IND,India,South and South East Asia,2006,3629.4110758938496,1121354.32,MPD2023,3629.4110758938496,1121354320.0,4069855789009.416,2011 international dollars,persons,GDP per capita multiplied by population
IND,India,South and South East Asia,2007,3870.6989456960296,1137576.24,MPD2023,3870.6989456960296,1137576240.0,4403215152816.854,2011 international dollars,persons,GDP per capita multiplied by population
IND,India,South and South East Asia,2008,4030.654378070055,1153546.77,MPD2023,4030.654378070055,1153546770.0,4649548338809.07,2011 international dollars,persons,GDP per capita multiplied by population
IND,India,South and South East Asia,2009,4270.707793828763,1169239.12,MPD2023,4270.707793828763,1169239120.0,4993478622633.484,2011 international dollars,persons,GDP per capita multiplied by population
IND,India,South and South East Asia,2010,4525.745476807693,1184638.23,MPD2023,4525.745476807693,1184638230.0,5361371111075.972,2011 international dollars,persons,GDP per capita multiplied by population
IND,India,South and South East Asia,2011,4768.0,1199809.73,MPD2023,4768.0,1199809730.0,5720692792640.0,2011 international dollars,persons,GDP per capita multiplied by population
IND,India,South and South East Asia,2012,4982.083174923584,1214838.72,MPD2023,4982.083174923584,1214838720.0,6052427547157.703,2011 international dollars,persons,GDP per capita multiplied by population
IND,India,South and South East Asia,2013,5224.144726688181,1229765.16,MPD2023,5224.144726688181,1229765160.0,6424471175678.848,2011 international dollars,persons,GDP per capita multiplied by population
IND,India,South and South East Asia,2014,5524.114583596415,1244577.0,MPD2023,5524.114583596415,1244577000.0,6875185956108.676,2011 international dollars,persons,GDP per capita multiplied by population
IND,India,South and South East Asia,2015,5869.846531869248,1259235.84,MPD2023,5869.846531869248,1259235840.0,7391521128229.459,2011 international dollars,persons,GDP per capita multiplied by population
IND,India,South and South East Asia,2016,6326.064423371508,1273693.25,MPD2023,6326.064423371508,1273693250.0,8057465555113.433,2011 international dollars,persons,GDP per capita multiplied by population
IND,India,South and South East Asia,2017,6638.727716492645,1287901.85,MPD2023,6638.727716492645,1287901850.0,8550029707717.153,2011 international dollars,persons,GDP per capita multiplied by population
IND,India,South and South East Asia,2018,7046.436408458912,1301821.41,MPD2023,7046.436408458912,1301821410.0,9173201780735.316,2011 international dollars,persons,GDP per capita multiplied by population
IND,India,South and South East Asia,2019,7293.989586302366,1315530.1,MPD2023,7293.989586302366,1315530100.0,9595462849867.31,2011 international dollars,persons,GDP per capita multiplied by population
IND,India,South and South East Asia,2020,6730.546822014761,1329061.88,MPD2023,6730.546822014761,1329061880.0,8945313212694.965,2011 international dollars,persons,GDP per capita multiplied by population
IND,India,South and South East Asia,2021,7315.121362710703,1339912.27,MPD2023,7315.121362710703,1339912270.0,9801620870435.191,2011 international dollars,persons,GDP per capita multiplied by population
IND,India,South and South East Asia,2022,7765.592962073302,1349059.74,MPD2023,7765.592962073302,1349059740.0,10476248822360.44,2011 international dollars,persons,GDP per capita multiplied by population
USA,United States,Western Offshoots,1,,680.0,MPD2023,,680000.0,,2011 international dollars,persons,GDP per capita multiplied by population
USA,United States,Western Offshoots,730,,,MPD2023,,,,2011 international dollars,persons,GDP per capita multiplied by population
USA,United States,Western Offshoots,1000,,1300.0,MPD2023,,1300000.0,,2011 international dollars,persons,GDP per capita multiplied by population
USA,United States,Western Offshoots,1090,,,MPD2023,,,,2011 international dollars,persons,GDP per capita multiplied by population
USA,United States,Western Offshoots,1150,,,MPD2023,,,,2011 international dollars,persons,GDP per capita multiplied by population
USA,United States,Western Offshoots,1252,,,MPD2023,,,,2011 international dollars,persons,GDP per capita multiplied by population
USA,United States,Western Offshoots,1253,,,MPD2023,,,,2011 international dollars,persons,GDP per capita multiplied by population
USA,United States,Western Offshoots,1254,,,MPD2023,,,,2011 international dollars,persons,GDP per capita multiplied by population
USA,United States,Western Offshoots,1255,,,MPD2023,,,,2011 international dollars,persons,GDP per capita multiplied by population
USA,United States,Western Offshoots,1256,,,MPD2023,,,,2011 international dollars,persons,GDP per capita multiplied by population
USA,United States,Western Offshoots,1257,,,MPD2023,,,,2011 international dollars,persons,GDP per capita multiplied by population
USA,United States,Western Offshoots,1258,,,MPD2023,,,,2011 international dollars,persons,GDP per capita multiplied by population
USA,United States,Western Offshoots,1259,,,MPD2023,,,,2011 international dollars,persons,GDP per capita multiplied by population
USA,United States,Western Offshoots,1260,,,MPD2023,,,,2011 international dollars,persons,GDP per capita multiplied by population
USA,United States,Western Offshoots,1261,,,MPD2023,,,,2011 international dollars,persons,GDP per capita multiplied by population
USA,United States,Western Offshoots,1262,,,MPD2023,,,,2011 international dollars,persons,GDP per capita multiplied by population
USA,United States,Western Offshoots,1263,,,MPD2023,,,,2011 international dollars,persons,GDP per capita multiplied by population
USA,United States,Western Offshoots,1264,,,MPD2023,,,,2011 international dollars,persons,GDP per capita multiplied by population
USA,United States,Western Offshoots,1265,,,MPD2023,,,,2011 international dollars,persons,GDP per capita multiplied by population
USA,United States,Western Offshoots,1266,,,MPD2023,,,,2011 international dollars,persons,GDP per capita multiplied by population
USA,United States,Western Offshoots,1267,,,MPD2023,,,,2011 international dollars,persons,GDP per capita multiplied by population
USA,United States,Western Offshoots,1268,,,MPD2023,,,,2011 international dollars,persons,GDP per capita multiplied by population
USA,United States,Western Offshoots,1269,,,MPD2023,,,,2011 international dollars,persons,GDP per capita multiplied by population
USA,United States,Western Offshoots,1270,,,MPD2023,,,,2011 international dollars,persons,GDP per capita multiplied by population
USA,United States,Western Offshoots,1271,,,MPD2023,,,,2011 international dollars,persons,GDP per capita multiplied by population
USA,United States,Western Offshoots,1272,,,MPD2023,,,,2011 international dollars,persons,GDP per capita multiplied by population
USA,United States,Western Offshoots,1273,,,MPD2023,,,,2011 international dollars,persons,GDP per capita multiplied by population
USA,United States,Western Offshoots,1274,,,MPD2023,,,,2011 international dollars,persons,GDP per capita multiplied by population
USA,United States,Western Offshoots,1275,,,MPD2023,,,,2011 international dollars,persons,GDP per capita multiplied by population
USA,United States,Western Offshoots,1276,,,MPD2023,,,,2011 international dollars,persons,GDP per capita multiplied by population
USA,United States,Western Offshoots,1277,,,MPD2023,,,,2011 international dollars,persons,GDP per capita multiplied by population
USA,United States,Western Offshoots,1278,,,MPD2023,,,,2011 international dollars,persons,GDP per capita multiplied by population
USA,United States,Western Offshoots,1279,,,MPD2023,,,,2011 international dollars,persons,GDP per capita multiplied by population
USA,United States,Western Offshoots,1280,,,MPD2023,,,,2011 international dollars,persons,GDP per capita multiplied by population
USA,United States,Western Offshoots,1281,,,MPD2023,,,,2011 international dollars,persons,GDP per capita multiplied by population
USA,United States,Western Offshoots,1282,,,MPD2023,,,,2011 international dollars,persons,GDP per capita multiplied by population
USA,United States,Western Offshoots,1283,,,MPD2023,,,,2011 international dollars,persons,GDP per capita multiplied by population
USA,United States,Western Offshoots,1284,,,MPD2023,,,,2011 international dollars,persons,GDP per capita multiplied by population
USA,United States,Western Offshoots,1285,,,MPD2023,,,,2011 international dollars,persons,GDP per capita multiplied by population
USA,United States,Western Offshoots,1286,,,MPD2023,,,,2011 international dollars,persons,GDP per capita multiplied by population
USA,United States,Western Offshoots,1287,,,MPD2023,,,,2011 international dollars,persons,GDP per capita multiplied by population
USA,United States,Western Offshoots,1288,,,MPD2023,,,,2011 international dollars,persons,GDP per capita multiplied by population
USA,United States,Western Offshoots,1289,,,MPD2023,,,,2011 international dollars,persons,GDP per capita multiplied by population
USA,United States,Western Offshoots,1290,,,MPD2023,,,,2011 international dollars,persons,GDP per capita multiplied by population
USA,United States,Western Offshoots,1291,,,MPD2023,,,,2011 international dollars,persons,GDP per capita multiplied by population
USA,United States,Western Offshoots,1292,,,MPD2023,,,,2011 international dollars,persons,GDP per capita multiplied by population
USA,United States,Western Offshoots,1293,,,MPD2023,,,,2011 international dollars,persons,GDP per capita multiplied by population
USA,United States,Western Offshoots,1294,,,MPD2023,,,,2011 international dollars,persons,GDP per capita multiplied by population
USA,United States,Western Offshoots,1295,,,MPD2023,,,,2011 international dollars,persons,GDP per capita multiplied by population
USA,United States,Western Offshoots,1296,,,MPD2023,,,,2011 international dollars,persons,GDP per capita multiplied by population
USA,United States,Western Offshoots,1297,,,MPD2023,,,,2011 international dollars,persons,GDP per capita multiplied by population
USA,United States,Western Offshoots,1298,,,MPD2023,,,,2011 international dollars,persons,GDP per capita multiplied by population
USA,United States,Western Offshoots,1299,,,MPD2023,,,,2011 international dollars,persons,GDP per capita multiplied by population
USA,United States,Western Offshoots,1300,,,MPD2023,,,,2011 international dollars,persons,GDP per capita multiplied by population
USA,United States,Western Offshoots,1301,,,MPD2023,,,,2011 international dollars,persons,GDP per capita multiplied by population
USA,United States,Western Offshoots,1302,,,MPD2023,,,,2011 international dollars,persons,GDP per capita multiplied by population
USA,United States,Western Offshoots,1303,,,MPD2023,,,,2011 international dollars,persons,GDP per capita multiplied by population
USA,United States,Western Offshoots,1304,,,MPD2023,,,,2011 international dollars,persons,GDP per capita multiplied by population
USA,United States,Western Offshoots,1305,,,MPD2023,,,,2011 international dollars,persons,GDP per capita multiplied by population
USA,United States,Western Offshoots,1306,,,MPD2023,,,,2011 international dollars,persons,GDP per capita multiplied by population
USA,United States,Western Offshoots,1307,,,MPD2023,,,,2011 international dollars,persons,GDP per capita multiplied by population
USA,United States,Western Offshoots,1308,,,MPD2023,,,,2011 international dollars,persons,GDP per capita multiplied by population
USA,United States,Western Offshoots,1309,,,MPD2023,,,,2011 international dollars,persons,GDP per capita multiplied by population
USA,United States,Western Offshoots,1310,,,MPD2023,,,,2011 international dollars,persons,GDP per capita multiplied by population
USA,United States,Western Offshoots,1311,,,MPD2023,,,,2011 international dollars,persons,GDP per capita multiplied by population
USA,United States,Western Offshoots,1312,,,MPD2023,,,,2011 international dollars,persons,GDP per capita multiplied by population
USA,United States,Western Offshoots,1313,,,MPD2023,,,,2011 international dollars,persons,GDP per capita multiplied by population
USA,United States,Western Offshoots,1314,,,MPD2023,,,,2011 international dollars,persons,GDP per capita multiplied by population
USA,United States,Western Offshoots,1315,,,MPD2023,,,,2011 international dollars,persons,GDP per capita multiplied by population
USA,United States,Western Offshoots,1316,,,MPD2023,,,,2011 international dollars,persons,GDP per capita multiplied by population
USA,United States,Western Offshoots,1317,,,MPD2023,,,,2011 international dollars,persons,GDP per capita multiplied by population
USA,United States,Western Offshoots,1318,,,MPD2023,,,,2011 international dollars,persons,GDP per capita multiplied by population
USA,United States,Western Offshoots,1319,,,MPD2023,,,,2011 international dollars,persons,GDP per capita multiplied by population
USA,United States,Western Offshoots,1320,,,MPD2023,,,,2011 international dollars,persons,GDP per capita multiplied by population
USA,United States,Western Offshoots,1321,,,MPD2023,,,,2011 international dollars,persons,GDP per capita multiplied by population
USA,United States,Western Offshoots,1322,,,MPD2023,,,,2011 international dollars,persons,GDP per capita multiplied by population
USA,United States,Western Offshoots,1323,,,MPD2023,,,,2011 international dollars,persons,GDP per capita multiplied by population
USA,United States,Western Offshoots,1324,,,MPD2023,,,,2011 international dollars,persons,GDP per capita multiplied by population
USA,United States,Western Offshoots,1325,,,MPD2023,,,,2011 international dollars,persons,GDP per capita multiplied by population
USA,United States,Western Offshoots,1326,,,MPD2023,,,,2011 international dollars,persons,GDP per capita multiplied by population
USA,United States,Western Offshoots,1327,,,MPD2023,,,,2011 international dollars,persons,GDP per capita multiplied by population
USA,United States,Western Offshoots,1328,,,MPD2023,,,,2011 international dollars,persons,GDP per capita multiplied by population
USA,United States,Western Offshoots,1329,,,MPD2023,,,,2011 international dollars,persons,GDP per capita multiplied by population
USA,United States,Western Offshoots,1330,,,MPD2023,,,,2011 international dollars,persons,GDP per capita multiplied by population
USA,United States,Western Offshoots,1331,,,MPD2023,,,,2011 international dollars,persons,GDP per capita multiplied by population
USA,United States,Western Offshoots,1332,,,MPD2023,,,,2011 international dollars,persons,GDP per capita multiplied by population
USA,United States,Western Offshoots,1333,,,MPD2023,,,,2011 international dollars,persons,GDP per capita multiplied by population
USA,United States,Western Offshoots,1334,,,MPD2023,,,,2011 international dollars,persons,GDP per capita multiplied by population
USA,United States,Western Offshoots,1335,,,MPD2023,,,,2011 international dollars,persons,GDP per capita multiplied by population
USA,United States,Western Offshoots,1336,,,MPD2023,,,,2011 international dollars,persons,GDP per capita multiplied by population
USA,United States,Western Offshoots,1337,,,MPD2023,,,,2011 international dollars,persons,GDP per capita multiplied by population
USA,United States,Western Offshoots,1338,,,MPD2023,,,,2011 international dollars,persons,GDP per capita multiplied by population
USA,United States,Western Offshoots,1339,,,MPD2023,,,,2011 international dollars,persons,GDP per capita multiplied by population
USA,United States,Western Offshoots,1340,,,MPD2023,,,,2011 international dollars,persons,GDP per capita multiplied by population
USA,United States,Western Offshoots,1341,,,MPD2023,,,,2011 international dollars,persons,GDP per capita multiplied by population
USA,United States,Western Offshoots,1342,,,MPD2023,,,,2011 international dollars,persons,GDP per capita multiplied by population
USA,United States,Western Offshoots,1343,,,MPD2023,,,,2011 international dollars,persons,GDP per capita multiplied by population
USA,United States,Western Offshoots,1344,,,MPD2023,,,,2011 international dollars,persons,GDP per capita multiplied by population
USA,United States,Western Offshoots,1345,,,MPD2023,,,,2011 international dollars,persons,GDP per capita multiplied by population
USA,United States,Western Offshoots,1346,,,MPD2023,,,,2011 international dollars,persons,GDP per capita multiplied by population
USA,United States,Western Offshoots,1347,,,MPD2023,,,,2011 international dollars,persons,GDP per capita multiplied by population
USA,United States,Western Offshoots,1348,,,MPD2023,,,,2011 international dollars,persons,GDP per capita multiplied by population
USA,United States,Western Offshoots,1349,,,MPD2023,,,,2011 international dollars,persons,GDP per capita multiplied by population
USA,United States,Western Offshoots,1350,,,MPD2023,,,,2011 international dollars,persons,GDP per capita multiplied by population
USA,United States,Western Offshoots,1351,,,MPD2023,,,,2011 international dollars,persons,GDP per capita multiplied by population
USA,United States,Western Offshoots,1352,,,MPD2023,,,,2011 international dollars,persons,GDP per capita multiplied by population
USA,United States,Western Offshoots,1353,,,MPD2023,,,,2011 international dollars,persons,GDP per capita multiplied by population
USA,United States,Western Offshoots,1354,,,MPD2023,,,,2011 international dollars,persons,GDP per capita multiplied by population
USA,United States,Western Offshoots,1355,,,MPD2023,,,,2011 international dollars,persons,GDP per capita multiplied by population
USA,United States,Western Offshoots,1356,,,MPD2023,,,,2011 international dollars,persons,GDP per capita multiplied by population
USA,United States,Western Offshoots,1357,,,MPD2023,,,,2011 international dollars,persons,GDP per capita multiplied by population
USA,United States,Western Offshoots,1358,,,MPD2023,,,,2011 international dollars,persons,GDP per capita multiplied by population
USA,United States,Western Offshoots,1359,,,MPD2023,,,,2011 international dollars,persons,GDP per capita multiplied by population
USA,United States,Western Offshoots,1360,,,MPD2023,,,,2011 international dollars,persons,GDP per capita multiplied by population
USA,United States,Western Offshoots,1361,,,MPD2023,,,,2011 international dollars,persons,GDP per capita multiplied by population
USA,United States,Western Offshoots,1362,,,MPD2023,,,,2011 international dollars,persons,GDP per capita multiplied by population
USA,United States,Western Offshoots,1363,,,MPD2023,,,,2011 international dollars,persons,GDP per capita multiplied by population
USA,United States,Western Offshoots,1364,,,MPD2023,,,,2011 international dollars,persons,GDP per capita multiplied by population
USA,United States,Western Offshoots,1365,,,MPD2023,,,,2011 international dollars,persons,GDP per capita multiplied by population
USA,United States,Western Offshoots,1366,,,MPD2023,,,,2011 international dollars,persons,GDP per capita multiplied by population
USA,United States,Western Offshoots,1367,,,MPD2023,,,,2011 international dollars,persons,GDP per capita multiplied by population
USA,United States,Western Offshoots,1368,,,MPD2023,,,,2011 international dollars,persons,GDP per capita multiplied by population
USA,United States,Western Offshoots,1369,,,MPD2023,,,,2011 international dollars,persons,GDP per capita multiplied by population
USA,United States,Western Offshoots,1370,,,MPD2023,,,,2011 international dollars,persons,GDP per capita multiplied by population
USA,United States,Western Offshoots,1371,,,MPD2023,,,,2011 international dollars,persons,GDP per capita multiplied by population
USA,United States,Western Offshoots,1372,,,MPD2023,,,,2011 international dollars,persons,GDP per capita multiplied by population
USA,United States,Western Offshoots,1373,,,MPD2023,,,,2011 international dollars,persons,GDP per capita multiplied by population
USA,United States,Western Offshoots,1374,,,MPD2023,,,,2011 international dollars,persons,GDP per capita multiplied by population
USA,United States,Western Offshoots,1375,,,MPD2023,,,,2011 international dollars,persons,GDP per capita multiplied by population
USA,United States,Western Offshoots,1376,,,MPD2023,,,,2011 international dollars,persons,GDP per capita multiplied by population
USA,United States,Western Offshoots,1377,,,MPD2023,,,,2011 international dollars,persons,GDP per capita multiplied by population
USA,United States,Western Offshoots,1378,,,MPD2023,,,,2011 international dollars,persons,GDP per capita multiplied by population
USA,United States,Western Offshoots,1379,,,MPD2023,,,,2011 international dollars,persons,GDP per capita multiplied by population
USA,United States,Western Offshoots,1380,,,MPD2023,,,,2011 international dollars,persons,GDP per capita multiplied by population
USA,United States,Western Offshoots,1381,,,MPD2023,,,,2011 international dollars,persons,GDP per capita multiplied by population
USA,United States,Western Offshoots,1382,,,MPD2023,,,,2011 international dollars,persons,GDP per capita multiplied by population
USA,United States,Western Offshoots,1383,,,MPD2023,,,,2011 international dollars,persons,GDP per capita multiplied by population
USA,United States,Western Offshoots,1384,,,MPD2023,,,,2011 international dollars,persons,GDP per capita multiplied by population
USA,United States,Western Offshoots,1385,,,MPD2023,,,,2011 international dollars,persons,GDP per capita multiplied by population
USA,United States,Western Offshoots,1386,,,MPD2023,,,,2011 international dollars,persons,GDP per capita multiplied by population
USA,United States,Western Offshoots,1387,,,MPD2023,,,,2011 international dollars,persons,GDP per capita multiplied by population
USA,United States,Western Offshoots,1388,,,MPD2023,,,,2011 international dollars,persons,GDP per capita multiplied by population
USA,United States,Western Offshoots,1389,,,MPD2023,,,,2011 international dollars,persons,GDP per capita multiplied by population
USA,United States,Western Offshoots,1390,,,MPD2023,,,,2011 international dollars,persons,GDP per capita multiplied by population
USA,United States,Western Offshoots,1391,,,MPD2023,,,,2011 international dollars,persons,GDP per capita multiplied by population
USA,United States,Western Offshoots,1392,,,MPD2023,,,,2011 international dollars,persons,GDP per capita multiplied by population
USA,United States,Western Offshoots,1393,,,MPD2023,,,,2011 international dollars,persons,GDP per capita multiplied by population
USA,United States,Western Offshoots,1394,,,MPD2023,,,,2011 international dollars,persons,GDP per capita multiplied by population
USA,United States,Western Offshoots,1395,,,MPD2023,,,,2011 international dollars,persons,GDP per capita multiplied by population
USA,United States,Western Offshoots,1396,,,MPD2023,,,,2011 international dollars,persons,GDP per capita multiplied by population
USA,United States,Western Offshoots,1397,,,MPD2023,,,,2011 international dollars,persons,GDP per capita multiplied by population
USA,United States,Western Offshoots,1398,,,MPD2023,,,,2011 international dollars,persons,GDP per capita multiplied by population
USA,United States,Western Offshoots,1399,,,MPD2023,,,,2011 international dollars,persons,GDP per capita multiplied by population
USA,United States,Western Offshoots,1400,,,MPD2023,,,,2011 international dollars,persons,GDP per capita multiplied by population
USA,United States,Western Offshoots,1401,,,MPD2023,,,,2011 international dollars,persons,GDP per capita multiplied by population
USA,United States,Western Offshoots,1402,,,MPD2023,,,,2011 international dollars,persons,GDP per capita multiplied by population
USA,United States,Western Offshoots,1403,,,MPD2023,,,,2011 international dollars,persons,GDP per capita multiplied by population
USA,United States,Western Offshoots,1404,,,MPD2023,,,,2011 international dollars,persons,GDP per capita multiplied by population
USA,United States,Western Offshoots,1405,,,MPD2023,,,,2011 international dollars,persons,GDP per capita multiplied by population
USA,United States,Western Offshoots,1406,,,MPD2023,,,,2011 international dollars,persons,GDP per capita multiplied by population
USA,United States,Western Offshoots,1407,,,MPD2023,,,,2011 international dollars,persons,GDP per capita multiplied by population
USA,United States,Western Offshoots,1408,,,MPD2023,,,,2011 international dollars,persons,GDP per capita multiplied by population
USA,United States,Western Offshoots,1409,,,MPD2023,,,,2011 international dollars,persons,GDP per capita multiplied by population
USA,United States,Western Offshoots,1410,,,MPD2023,,,,2011 international dollars,persons,GDP per capita multiplied by population
USA,United States,Western Offshoots,1411,,,MPD2023,,,,2011 international dollars,persons,GDP per capita multiplied by population
USA,United States,Western Offshoots,1412,,,MPD2023,,,,2011 international dollars,persons,GDP per capita multiplied by population
USA,United States,Western Offshoots,1413,,,MPD2023,,,,2011 international dollars,persons,GDP per capita multiplied by population
USA,United States,Western Offshoots,1414,,,MPD2023,,,,2011 international dollars,persons,GDP per capita multiplied by population
USA,United States,Western Offshoots,1415,,,MPD2023,,,,2011 international dollars,persons,GDP per capita multiplied by population
USA,United States,Western Offshoots,1416,,,MPD2023,,,,2011 international dollars,persons,GDP per capita multiplied by population
USA,United States,Western Offshoots,1417,,,MPD2023,,,,2011 international dollars,persons,GDP per capita multiplied by population
USA,United States,Western Offshoots,1418,,,MPD2023,,,,2011 international dollars,persons,GDP per capita multiplied by population
USA,United States,Western Offshoots,1419,,,MPD2023,,,,2011 international dollars,persons,GDP per capita multiplied by population
USA,United States,Western Offshoots,1420,,,MPD2023,,,,2011 international dollars,persons,GDP per capita multiplied by population
USA,United States,Western Offshoots,1421,,,MPD2023,,,,2011 international dollars,persons,GDP per capita multiplied by population
USA,United States,Western Offshoots,1422,,,MPD2023,,,,2011 international dollars,persons,GDP per capita multiplied by population
USA,United States,Western Offshoots,1423,,,MPD2023,,,,2011 international dollars,persons,GDP per capita multiplied by population
USA,United States,Western Offshoots,1424,,,MPD2023,,,,2011 international dollars,persons,GDP per capita multiplied by population
USA,United States,Western Offshoots,1425,,,MPD2023,,,,2011 international dollars,persons,GDP per capita multiplied by population
USA,United States,Western Offshoots,1426,,,MPD2023,,,,2011 international dollars,persons,GDP per capita multiplied by population
USA,United States,Western Offshoots,1427,,,MPD2023,,,,2011 international dollars,persons,GDP per capita multiplied by population
USA,United States,Western Offshoots,1428,,,MPD2023,,,,2011 international dollars,persons,GDP per capita multiplied by population
USA,United States,Western Offshoots,1429,,,MPD2023,,,,2011 international dollars,persons,GDP per capita multiplied by population
USA,United States,Western Offshoots,1430,,,MPD2023,,,,2011 international dollars,persons,GDP per capita multiplied by population
USA,United States,Western Offshoots,1431,,,MPD2023,,,,2011 international dollars,persons,GDP per capita multiplied by population
USA,United States,Western Offshoots,1432,,,MPD2023,,,,2011 international dollars,persons,GDP per capita multiplied by population
USA,United States,Western Offshoots,1433,,,MPD2023,,,,2011 international dollars,persons,GDP per capita multiplied by population
USA,United States,Western Offshoots,1434,,,MPD2023,,,,2011 international dollars,persons,GDP per capita multiplied by population
USA,United States,Western Offshoots,1435,,,MPD2023,,,,2011 international dollars,persons,GDP per capita multiplied by population
USA,United States,Western Offshoots,1436,,,MPD2023,,,,2011 international dollars,persons,GDP per capita multiplied by population
USA,United States,Western Offshoots,1437,,,MPD2023,,,,2011 international dollars,persons,GDP per capita multiplied by population
USA,United States,Western Offshoots,1438,,,MPD2023,,,,2011 international dollars,persons,GDP per capita multiplied by population
USA,United States,Western Offshoots,1439,,,MPD2023,,,,2011 international dollars,persons,GDP per capita multiplied by population
USA,United States,Western Offshoots,1440,,,MPD2023,,,,2011 international dollars,persons,GDP per capita multiplied by population
USA,United States,Western Offshoots,1441,,,MPD2023,,,,2011 international dollars,persons,GDP per capita multiplied by population
USA,United States,Western Offshoots,1442,,,MPD2023,,,,2011 international dollars,persons,GDP per capita multiplied by population
USA,United States,Western Offshoots,1443,,,MPD2023,,,,2011 international dollars,persons,GDP per capita multiplied by population
USA,United States,Western Offshoots,1444,,,MPD2023,,,,2011 international dollars,persons,GDP per capita multiplied by population
USA,United States,Western Offshoots,1445,,,MPD2023,,,,2011 international dollars,persons,GDP per capita multiplied by population
USA,United States,Western Offshoots,1446,,,MPD2023,,,,2011 international dollars,persons,GDP per capita multiplied by population
USA,United States,Western Offshoots,1447,,,MPD2023,,,,2011 international dollars,persons,GDP per capita multiplied by population
USA,United States,Western Offshoots,1448,,,MPD2023,,,,2011 international dollars,persons,GDP per capita multiplied by population
USA,United States,Western Offshoots,1449,,,MPD2023,,,,2011 international dollars,persons,GDP per capita multiplied by population
USA,United States,Western Offshoots,1450,,,MPD2023,,,,2011 international dollars,persons,GDP per capita multiplied by population
USA,United States,Western Offshoots,1451,,,MPD2023,,,,2011 international dollars,persons,GDP per capita multiplied by population
USA,United States,Western Offshoots,1452,,,MPD2023,,,,2011 international dollars,persons,GDP per capita multiplied by population
USA,United States,Western Offshoots,1453,,,MPD2023,,,,2011 international dollars,persons,GDP per capita multiplied by population
USA,United States,Western Offshoots,1454,,,MPD2023,,,,2011 international dollars,persons,GDP per capita multiplied by population
USA,United States,Western Offshoots,1455,,,MPD2023,,,,2011 international dollars,persons,GDP per capita multiplied by population
USA,United States,Western Offshoots,1456,,,MPD2023,,,,2011 international dollars,persons,GDP per capita multiplied by population
USA,United States,Western Offshoots,1457,,,MPD2023,,,,2011 international dollars,persons,GDP per capita multiplied by population
USA,United States,Western Offshoots,1458,,,MPD2023,,,,2011 international dollars,persons,GDP per capita multiplied by population
USA,United States,Western Offshoots,1459,,,MPD2023,,,,2011 international dollars,persons,GDP per capita multiplied by population
USA,United States,Western Offshoots,1460,,,MPD2023,,,,2011 international dollars,persons,GDP per capita multiplied by population
USA,United States,Western Offshoots,1461,,,MPD2023,,,,2011 international dollars,persons,GDP per capita multiplied by population
USA,United States,Western Offshoots,1462,,,MPD2023,,,,2011 international dollars,persons,GDP per capita multiplied by population
USA,United States,Western Offshoots,1463,,,MPD2023,,,,2011 international dollars,persons,GDP per capita multiplied by population
USA,United States,Western Offshoots,1464,,,MPD2023,,,,2011 international dollars,persons,GDP per capita multiplied by population
USA,United States,Western Offshoots,1465,,,MPD2023,,,,2011 international dollars,persons,GDP per capita multiplied by population
USA,United States,Western Offshoots,1466,,,MPD2023,,,,2011 international dollars,persons,GDP per capita multiplied by population
USA,United States,Western Offshoots,1467,,,MPD2023,,,,2011 international dollars,persons,GDP per capita multiplied by population
USA,United States,Western Offshoots,1468,,,MPD2023,,,,2011 international dollars,persons,GDP per capita multiplied by population
USA,United States,Western Offshoots,1469,,,MPD2023,,,,2011 international dollars,persons,GDP per capita multiplied by population
USA,United States,Western Offshoots,1470,,,MPD2023,,,,2011 international dollars,persons,GDP per capita multiplied by population
USA,United States,Western Offshoots,1471,,,MPD2023,,,,2011 international dollars,persons,GDP per capita multiplied by population
USA,United States,Western Offshoots,1472,,,MPD2023,,,,2011 international dollars,persons,GDP per capita multiplied by population
USA,United States,Western Offshoots,1473,,,MPD2023,,,,2011 international dollars,persons,GDP per capita multiplied by population
USA,United States,Western Offshoots,1474,,,MPD2023,,,,2011 international dollars,persons,GDP per capita multiplied by population
USA,United States,Western Offshoots,1475,,,MPD2023,,,,2011 international dollars,persons,GDP per capita multiplied by population
USA,United States,Western Offshoots,1476,,,MPD2023,,,,2011 international dollars,persons,GDP per capita multiplied by population
USA,United States,Western Offshoots,1477,,,MPD2023,,,,2011 international dollars,persons,GDP per capita multiplied by population
USA,United States,Western Offshoots,1478,,,MPD2023,,,,2011 international dollars,persons,GDP per capita multiplied by population
USA,United States,Western Offshoots,1479,,,MPD2023,,,,2011 international dollars,persons,GDP per capita multiplied by population
USA,United States,Western Offshoots,1480,,,MPD2023,,,,2011 international dollars,persons,GDP per capita multiplied by population
USA,United States,Western Offshoots,1481,,,MPD2023,,,,2011 international dollars,persons,GDP per capita multiplied by population
USA,United States,Western Offshoots,1482,,,MPD2023,,,,2011 international dollars,persons,GDP per capita multiplied by population
USA,United States,Western Offshoots,1483,,,MPD2023,,,,2011 international dollars,persons,GDP per capita multiplied by population
USA,United States,Western Offshoots,1484,,,MPD2023,,,,2011 international dollars,persons,GDP per capita multiplied by population
USA,United States,Western Offshoots,1485,,,MPD2023,,,,2011 international dollars,persons,GDP per capita multiplied by population
USA,United States,Western Offshoots,1486,,,MPD2023,,,,2011 international dollars,persons,GDP per capita multiplied by population
USA,United States,Western Offshoots,1487,,,MPD2023,,,,2011 international dollars,persons,GDP per capita multiplied by population
USA,United States,Western Offshoots,1488,,,MPD2023,,,,2011 international dollars,persons,GDP per capita multiplied by population
USA,United States,Western Offshoots,1489,,,MPD2023,,,,2011 international dollars,persons,GDP per capita multiplied by population
USA,United States,Western Offshoots,1490,,,MPD2023,,,,2011 international dollars,persons,GDP per capita multiplied by population
USA,United States,Western Offshoots,1491,,,MPD2023,,,,2011 international dollars,persons,GDP per capita multiplied by population
USA,United States,Western Offshoots,1492,,,MPD2023,,,,2011 international dollars,persons,GDP per capita multiplied by population
USA,United States,Western Offshoots,1493,,,MPD2023,,,,2011 international dollars,persons,GDP per capita multiplied by population
USA,United States,Western Offshoots,1494,,,MPD2023,,,,2011 international dollars,persons,GDP per capita multiplied by population
USA,United States,Western Offshoots,1495,,,MPD2023,,,,2011 international dollars,persons,GDP per capita multiplied by population
USA,United States,Western Offshoots,1496,,,MPD2023,,,,2011 international dollars,persons,GDP per capita multiplied by population
USA,United States,Western Offshoots,1497,,,MPD2023,,,,2011 international dollars,persons,GDP per capita multiplied by population
USA,United States,Western Offshoots,1498,,,MPD2023,,,,2011 international dollars,persons,GDP per capita multiplied by population
USA,United States,Western Offshoots,1499,,,MPD2023,,,,2011 international dollars,persons,GDP per capita multiplied by population
USA,United States,Western Offshoots,1500,,2000.0,MPD2023,,2000000.0,,2011 international dollars,persons,GDP per capita multiplied by population
USA,United States,Western Offshoots,1501,,,MPD2023,,,,2011 international dollars,persons,GDP per capita multiplied by population
USA,United States,Western Offshoots,1502,,,MPD2023,,,,2011 international dollars,persons,GDP per capita multiplied by population
USA,United States,Western Offshoots,1503,,,MPD2023,,,,2011 international dollars,persons,GDP per capita multiplied by population
USA,United States,Western Offshoots,1504,,,MPD2023,,,,2011 international dollars,persons,GDP per capita multiplied by population
USA,United States,Western Offshoots,1505,,,MPD2023,,,,2011 international dollars,persons,GDP per capita multiplied by population
USA,United States,Western Offshoots,1506,,,MPD2023,,,,2011 international dollars,persons,GDP per capita multiplied by population
USA,United States,Western Offshoots,1507,,,MPD2023,,,,2011 international dollars,persons,GDP per capita multiplied by population
USA,United States,Western Offshoots,1508,,,MPD2023,,,,2011 international dollars,persons,GDP per capita multiplied by population
USA,United States,Western Offshoots,1509,,,MPD2023,,,,2011 international dollars,persons,GDP per capita multiplied by population
USA,United States,Western Offshoots,1510,,,MPD2023,,,,2011 international dollars,persons,GDP per capita multiplied by population
USA,United States,Western Offshoots,1511,,,MPD2023,,,,2011 international dollars,persons,GDP per capita multiplied by population
USA,United States,Western Offshoots,1512,,,MPD2023,,,,2011 international dollars,persons,GDP per capita multiplied by population
USA,United States,Western Offshoots,1513,,,MPD2023,,,,2011 international dollars,persons,GDP per capita multiplied by population
USA,United States,Western Offshoots,1514,,,MPD2023,,,,2011 international dollars,persons,GDP per capita multiplied by population
USA,United States,Western Offshoots,1515,,,MPD2023,,,,2011 international dollars,persons,GDP per capita multiplied by population
USA,United States,Western Offshoots,1516,,,MPD2023,,,,2011 international dollars,persons,GDP per capita multiplied by population
USA,United States,Western Offshoots,1517,,,MPD2023,,,,2011 international dollars,persons,GDP per capita multiplied by population
USA,United States,Western Offshoots,1518,,,MPD2023,,,,2011 international dollars,persons,GDP per capita multiplied by population
USA,United States,Western Offshoots,1519,,,MPD2023,,,,2011 international dollars,persons,GDP per capita multiplied by population
USA,United States,Western Offshoots,1520,,,MPD2023,,,,2011 international dollars,persons,GDP per capita multiplied by population
USA,United States,Western Offshoots,1521,,,MPD2023,,,,2011 international dollars,persons,GDP per capita multiplied by population
USA,United States,Western Offshoots,1522,,,MPD2023,,,,2011 international dollars,persons,GDP per capita multiplied by population
USA,United States,Western Offshoots,1523,,,MPD2023,,,,2011 international dollars,persons,GDP per capita multiplied by population
USA,United States,Western Offshoots,1524,,,MPD2023,,,,2011 international dollars,persons,GDP per capita multiplied by population
USA,United States,Western Offshoots,1525,,,MPD2023,,,,2011 international dollars,persons,GDP per capita multiplied by population
USA,United States,Western Offshoots,1526,,,MPD2023,,,,2011 international dollars,persons,GDP per capita multiplied by population
USA,United States,Western Offshoots,1527,,,MPD2023,,,,2011 international dollars,persons,GDP per capita multiplied by population
USA,United States,Western Offshoots,1528,,,MPD2023,,,,2011 international dollars,persons,GDP per capita multiplied by population
USA,United States,Western Offshoots,1529,,,MPD2023,,,,2011 international dollars,persons,GDP per capita multiplied by population
USA,United States,Western Offshoots,1530,,,MPD2023,,,,2011 international dollars,persons,GDP per capita multiplied by population
USA,United States,Western Offshoots,1531,,,MPD2023,,,,2011 international dollars,persons,GDP per capita multiplied by population
USA,United States,Western Offshoots,1532,,,MPD2023,,,,2011 international dollars,persons,GDP per capita multiplied by population
USA,United States,Western Offshoots,1533,,,MPD2023,,,,2011 international dollars,persons,GDP per capita multiplied by population
USA,United States,Western Offshoots,1534,,,MPD2023,,,,2011 international dollars,persons,GDP per capita multiplied by population
USA,United States,Western Offshoots,1535,,,MPD2023,,,,2011 international dollars,persons,GDP per capita multiplied by population
USA,United States,Western Offshoots,1536,,,MPD2023,,,,2011 international dollars,persons,GDP per capita multiplied by population
USA,United States,Western Offshoots,1537,,,MPD2023,,,,2011 international dollars,persons,GDP per capita multiplied by population
USA,United States,Western Offshoots,1538,,,MPD2023,,,,2011 international dollars,persons,GDP per capita multiplied by population
USA,United States,Western Offshoots,1539,,,MPD2023,,,,2011 international dollars,persons,GDP per capita multiplied by population
USA,United States,Western Offshoots,1540,,,MPD2023,,,,2011 international dollars,persons,GDP per capita multiplied by population
USA,United States,Western Offshoots,1541,,,MPD2023,,,,2011 international dollars,persons,GDP per capita multiplied by population
USA,United States,Western Offshoots,1542,,,MPD2023,,,,2011 international dollars,persons,GDP per capita multiplied by population
USA,United States,Western Offshoots,1543,,,MPD2023,,,,2011 international dollars,persons,GDP per capita multiplied by population
USA,United States,Western Offshoots,1544,,,MPD2023,,,,2011 international dollars,persons,GDP per capita multiplied by population
USA,United States,Western Offshoots,1545,,,MPD2023,,,,2011 international dollars,persons,GDP per capita multiplied by population
USA,United States,Western Offshoots,1546,,,MPD2023,,,,2011 international dollars,persons,GDP per capita multiplied by population
USA,United States,Western Offshoots,1547,,,MPD2023,,,,2011 international dollars,persons,GDP per capita multiplied by population
USA,United States,Western Offshoots,1548,,,MPD2023,,,,2011 international dollars,persons,GDP per capita multiplied by population
USA,United States,Western Offshoots,1549,,,MPD2023,,,,2011 international dollars,persons,GDP per capita multiplied by population
USA,United States,Western Offshoots,1550,,,MPD2023,,,,2011 international dollars,persons,GDP per capita multiplied by population
USA,United States,Western Offshoots,1551,,,MPD2023,,,,2011 international dollars,persons,GDP per capita multiplied by population
USA,United States,Western Offshoots,1552,,,MPD2023,,,,2011 international dollars,persons,GDP per capita multiplied by population
USA,United States,Western Offshoots,1553,,,MPD2023,,,,2011 international dollars,persons,GDP per capita multiplied by population
USA,United States,Western Offshoots,1554,,,MPD2023,,,,2011 international dollars,persons,GDP per capita multiplied by population
USA,United States,Western Offshoots,1555,,,MPD2023,,,,2011 international dollars,persons,GDP per capita multiplied by population
USA,United States,Western Offshoots,1556,,,MPD2023,,,,2011 international dollars,persons,GDP per capita multiplied by population
USA,United States,Western Offshoots,1557,,,MPD2023,,,,2011 international dollars,persons,GDP per capita multiplied by population
USA,United States,Western Offshoots,1558,,,MPD2023,,,,2011 international dollars,persons,GDP per capita multiplied by population
USA,United States,Western Offshoots,1559,,,MPD2023,,,,2011 international dollars,persons,GDP per capita multiplied by population
USA,United States,Western Offshoots,1560,,,MPD2023,,,,2011 international dollars,persons,GDP per capita multiplied by population
USA,United States,Western Offshoots,1561,,,MPD2023,,,,2011 international dollars,persons,GDP per capita multiplied by population
USA,United States,Western Offshoots,1562,,,MPD2023,,,,2011 international dollars,persons,GDP per capita multiplied by population
USA,United States,Western Offshoots,1563,,,MPD2023,,,,2011 international dollars,persons,GDP per capita multiplied by population
USA,United States,Western Offshoots,1564,,,MPD2023,,,,2011 international dollars,persons,GDP per capita multiplied by population
USA,United States,Western Offshoots,1565,,,MPD2023,,,,2011 international dollars,persons,GDP per capita multiplied by population
USA,United States,Western Offshoots,1566,,,MPD2023,,,,2011 international dollars,persons,GDP per capita multiplied by population
USA,United States,Western Offshoots,1567,,,MPD2023,,,,2011 international dollars,persons,GDP per capita multiplied by population
USA,United States,Western Offshoots,1568,,,MPD2023,,,,2011 international dollars,persons,GDP per capita multiplied by population
USA,United States,Western Offshoots,1569,,,MPD2023,,,,2011 international dollars,persons,GDP per capita multiplied by population
USA,United States,Western Offshoots,1570,,,MPD2023,,,,2011 international dollars,persons,GDP per capita multiplied by population
USA,United States,Western Offshoots,1571,,,MPD2023,,,,2011 international dollars,persons,GDP per capita multiplied by population
USA,United States,Western Offshoots,1572,,,MPD2023,,,,2011 international dollars,persons,GDP per capita multiplied by population
USA,United States,Western Offshoots,1573,,,MPD2023,,,,2011 international dollars,persons,GDP per capita multiplied by population
USA,United States,Western Offshoots,1574,,,MPD2023,,,,2011 international dollars,persons,GDP per capita multiplied by population
USA,United States,Western Offshoots,1575,,,MPD2023,,,,2011 international dollars,persons,GDP per capita multiplied by population
USA,United States,Western Offshoots,1576,,,MPD2023,,,,2011 international dollars,persons,GDP per capita multiplied by population
USA,United States,Western Offshoots,1577,,,MPD2023,,,,2011 international dollars,persons,GDP per capita multiplied by population
USA,United States,Western Offshoots,1578,,,MPD2023,,,,2011 international dollars,persons,GDP per capita multiplied by population
USA,United States,Western Offshoots,1579,,,MPD2023,,,,2011 international dollars,persons,GDP per capita multiplied by population
USA,United States,Western Offshoots,1580,,,MPD2023,,,,2011 international dollars,persons,GDP per capita multiplied by population
USA,United States,Western Offshoots,1581,,,MPD2023,,,,2011 international dollars,persons,GDP per capita multiplied by population
USA,United States,Western Offshoots,1582,,,MPD2023,,,,2011 international dollars,persons,GDP per capita multiplied by population
USA,United States,Western Offshoots,1583,,,MPD2023,,,,2011 international dollars,persons,GDP per capita multiplied by population
USA,United States,Western Offshoots,1584,,,MPD2023,,,,2011 international dollars,persons,GDP per capita multiplied by population
USA,United States,Western Offshoots,1585,,,MPD2023,,,,2011 international dollars,persons,GDP per capita multiplied by population
USA,United States,Western Offshoots,1586,,,MPD2023,,,,2011 international dollars,persons,GDP per capita multiplied by population
USA,United States,Western Offshoots,1587,,,MPD2023,,,,2011 international dollars,persons,GDP per capita multiplied by population
USA,United States,Western Offshoots,1588,,,MPD2023,,,,2011 international dollars,persons,GDP per capita multiplied by population
USA,United States,Western Offshoots,1589,,,MPD2023,,,,2011 international dollars,persons,GDP per capita multiplied by population
USA,United States,Western Offshoots,1590,,,MPD2023,,,,2011 international dollars,persons,GDP per capita multiplied by population
USA,United States,Western Offshoots,1591,,,MPD2023,,,,2011 international dollars,persons,GDP per capita multiplied by population
USA,United States,Western Offshoots,1592,,,MPD2023,,,,2011 international dollars,persons,GDP per capita multiplied by population
USA,United States,Western Offshoots,1593,,,MPD2023,,,,2011 international dollars,persons,GDP per capita multiplied by population
USA,United States,Western Offshoots,1594,,,MPD2023,,,,2011 international dollars,persons,GDP per capita multiplied by population
USA,United States,Western Offshoots,1595,,,MPD2023,,,,2011 international dollars,persons,GDP per capita multiplied by population
USA,United States,Western Offshoots,1596,,,MPD2023,,,,2011 international dollars,persons,GDP per capita multiplied by population
USA,United States,Western Offshoots,1597,,,MPD2023,,,,2011 international dollars,persons,GDP per capita multiplied by population
USA,United States,Western Offshoots,1598,,,MPD2023,,,,2011 international dollars,persons,GDP per capita multiplied by population
USA,United States,Western Offshoots,1599,,,MPD2023,,,,2011 international dollars,persons,GDP per capita multiplied by population
USA,United States,Western Offshoots,1600,,1500.0,MPD2023,,1500000.0,,2011 international dollars,persons,GDP per capita multiplied by population
USA,United States,Western Offshoots,1601,,,MPD2023,,,,2011 international dollars,persons,GDP per capita multiplied by population
USA,United States,Western Offshoots,1602,,,MPD2023,,,,2011 international dollars,persons,GDP per capita multiplied by population
USA,United States,Western Offshoots,1603,,,MPD2023,,,,2011 international dollars,persons,GDP per capita multiplied by population
USA,United States,Western Offshoots,1604,,,MPD2023,,,,2011 international dollars,persons,GDP per capita multiplied by population
USA,United States,Western Offshoots,1605,,,MPD2023,,,,2011 international dollars,persons,GDP per capita multiplied by population
USA,United States,Western Offshoots,1606,,,MPD2023,,,,2011 international dollars,persons,GDP per capita multiplied by population
USA,United States,Western Offshoots,1607,,,MPD2023,,,,2011 international dollars,persons,GDP per capita multiplied by population
USA,United States,Western Offshoots,1608,,,MPD2023,,,,2011 international dollars,persons,GDP per capita multiplied by population
USA,United States,Western Offshoots,1609,,,MPD2023,,,,2011 international dollars,persons,GDP per capita multiplied by population
USA,United States,Western Offshoots,1610,,,MPD2023,,,,2011 international dollars,persons,GDP per capita multiplied by population
USA,United States,Western Offshoots,1611,,,MPD2023,,,,2011 international dollars,persons,GDP per capita multiplied by population
USA,United States,Western Offshoots,1612,,,MPD2023,,,,2011 international dollars,persons,GDP per capita multiplied by population
USA,United States,Western Offshoots,1613,,,MPD2023,,,,2011 international dollars,persons,GDP per capita multiplied by population
USA,United States,Western Offshoots,1614,,,MPD2023,,,,2011 international dollars,persons,GDP per capita multiplied by population
USA,United States,Western Offshoots,1615,,,MPD2023,,,,2011 international dollars,persons,GDP per capita multiplied by population
USA,United States,Western Offshoots,1616,,,MPD2023,,,,2011 international dollars,persons,GDP per capita multiplied by population
USA,United States,Western Offshoots,1617,,,MPD2023,,,,2011 international dollars,persons,GDP per capita multiplied by population
USA,United States,Western Offshoots,1618,,,MPD2023,,,,2011 international dollars,persons,GDP per capita multiplied by population
USA,United States,Western Offshoots,1619,,,MPD2023,,,,2011 international dollars,persons,GDP per capita multiplied by population
USA,United States,Western Offshoots,1620,,,MPD2023,,,,2011 international dollars,persons,GDP per capita multiplied by population
USA,United States,Western Offshoots,1621,,,MPD2023,,,,2011 international dollars,persons,GDP per capita multiplied by population
USA,United States,Western Offshoots,1622,,,MPD2023,,,,2011 international dollars,persons,GDP per capita multiplied by population
USA,United States,Western Offshoots,1623,,,MPD2023,,,,2011 international dollars,persons,GDP per capita multiplied by population
USA,United States,Western Offshoots,1624,,,MPD2023,,,,2011 international dollars,persons,GDP per capita multiplied by population
USA,United States,Western Offshoots,1625,,,MPD2023,,,,2011 international dollars,persons,GDP per capita multiplied by population
USA,United States,Western Offshoots,1626,,,MPD2023,,,,2011 international dollars,persons,GDP per capita multiplied by population
USA,United States,Western Offshoots,1627,,,MPD2023,,,,2011 international dollars,persons,GDP per capita multiplied by population
USA,United States,Western Offshoots,1628,,,MPD2023,,,,2011 international dollars,persons,GDP per capita multiplied by population
USA,United States,Western Offshoots,1629,,,MPD2023,,,,2011 international dollars,persons,GDP per capita multiplied by population
USA,United States,Western Offshoots,1630,,,MPD2023,,,,2011 international dollars,persons,GDP per capita multiplied by population
USA,United States,Western Offshoots,1631,,,MPD2023,,,,2011 international dollars,persons,GDP per capita multiplied by population
USA,United States,Western Offshoots,1632,,,MPD2023,,,,2011 international dollars,persons,GDP per capita multiplied by population
USA,United States,Western Offshoots,1633,,,MPD2023,,,,2011 international dollars,persons,GDP per capita multiplied by population
USA,United States,Western Offshoots,1634,,,MPD2023,,,,2011 international dollars,persons,GDP per capita multiplied by population
USA,United States,Western Offshoots,1635,,,MPD2023,,,,2011 international dollars,persons,GDP per capita multiplied by population
USA,United States,Western Offshoots,1636,,,MPD2023,,,,2011 international dollars,persons,GDP per capita multiplied by population
USA,United States,Western Offshoots,1637,,,MPD2023,,,,2011 international dollars,persons,GDP per capita multiplied by population
USA,United States,Western Offshoots,1638,,,MPD2023,,,,2011 international dollars,persons,GDP per capita multiplied by population
USA,United States,Western Offshoots,1639,,,MPD2023,,,,2011 international dollars,persons,GDP per capita multiplied by population
USA,United States,Western Offshoots,1640,,,MPD2023,,,,2011 international dollars,persons,GDP per capita multiplied by population
USA,United States,Western Offshoots,1641,,,MPD2023,,,,2011 international dollars,persons,GDP per capita multiplied by population
USA,United States,Western Offshoots,1642,,,MPD2023,,,,2011 international dollars,persons,GDP per capita multiplied by population
USA,United States,Western Offshoots,1643,,,MPD2023,,,,2011 international dollars,persons,GDP per capita multiplied by population
USA,United States,Western Offshoots,1644,,,MPD2023,,,,2011 international dollars,persons,GDP per capita multiplied by population
USA,United States,Western Offshoots,1645,,,MPD2023,,,,2011 international dollars,persons,GDP per capita multiplied by population
USA,United States,Western Offshoots,1646,,,MPD2023,,,,2011 international dollars,persons,GDP per capita multiplied by population
USA,United States,Western Offshoots,1647,,,MPD2023,,,,2011 international dollars,persons,GDP per capita multiplied by population
USA,United States,Western Offshoots,1648,,,MPD2023,,,,2011 international dollars,persons,GDP per capita multiplied by population
USA,United States,Western Offshoots,1649,,,MPD2023,,,,2011 international dollars,persons,GDP per capita multiplied by population
USA,United States,Western Offshoots,1650,897.0,,MPD2023,897.0,,,2011 international dollars,persons,GDP per capita multiplied by population
USA,United States,Western Offshoots,1651,,,MPD2023,,,,2011 international dollars,persons,GDP per capita multiplied by population
USA,United States,Western Offshoots,1652,,,MPD2023,,,,2011 international dollars,persons,GDP per capita multiplied by population
USA,United States,Western Offshoots,1653,,,MPD2023,,,,2011 international dollars,persons,GDP per capita multiplied by population
USA,United States,Western Offshoots,1654,,,MPD2023,,,,2011 international dollars,persons,GDP per capita multiplied by population
USA,United States,Western Offshoots,1655,,,MPD2023,,,,2011 international dollars,persons,GDP per capita multiplied by population
USA,United States,Western Offshoots,1656,,,MPD2023,,,,2011 international dollars,persons,GDP per capita multiplied by population
USA,United States,Western Offshoots,1657,,,MPD2023,,,,2011 international dollars,persons,GDP per capita multiplied by population
USA,United States,Western Offshoots,1658,,,MPD2023,,,,2011 international dollars,persons,GDP per capita multiplied by population
USA,United States,Western Offshoots,1659,,,MPD2023,,,,2011 international dollars,persons,GDP per capita multiplied by population
USA,United States,Western Offshoots,1660,,,MPD2023,,,,2011 international dollars,persons,GDP per capita multiplied by population
USA,United States,Western Offshoots,1661,,,MPD2023,,,,2011 international dollars,persons,GDP per capita multiplied by population
USA,United States,Western Offshoots,1662,,,MPD2023,,,,2011 international dollars,persons,GDP per capita multiplied by population
USA,United States,Western Offshoots,1663,,,MPD2023,,,,2011 international dollars,persons,GDP per capita multiplied by population
USA,United States,Western Offshoots,1664,,,MPD2023,,,,2011 international dollars,persons,GDP per capita multiplied by population
USA,United States,Western Offshoots,1665,,,MPD2023,,,,2011 international dollars,persons,GDP per capita multiplied by population
USA,United States,Western Offshoots,1666,,,MPD2023,,,,2011 international dollars,persons,GDP per capita multiplied by population
USA,United States,Western Offshoots,1667,,,MPD2023,,,,2011 international dollars,persons,GDP per capita multiplied by population
USA,United States,Western Offshoots,1668,,,MPD2023,,,,2011 international dollars,persons,GDP per capita multiplied by population
USA,United States,Western Offshoots,1669,,,MPD2023,,,,2011 international dollars,persons,GDP per capita multiplied by population
USA,United States,Western Offshoots,1670,,,MPD2023,,,,2011 international dollars,persons,GDP per capita multiplied by population
USA,United States,Western Offshoots,1671,,,MPD2023,,,,2011 international dollars,persons,GDP per capita multiplied by population
USA,United States,Western Offshoots,1672,,,MPD2023,,,,2011 international dollars,persons,GDP per capita multiplied by population
USA,United States,Western Offshoots,1673,,,MPD2023,,,,2011 international dollars,persons,GDP per capita multiplied by population
USA,United States,Western Offshoots,1674,,,MPD2023,,,,2011 international dollars,persons,GDP per capita multiplied by population
USA,United States,Western Offshoots,1675,,,MPD2023,,,,2011 international dollars,persons,GDP per capita multiplied by population
USA,United States,Western Offshoots,1676,,,MPD2023,,,,2011 international dollars,persons,GDP per capita multiplied by population
USA,United States,Western Offshoots,1677,,,MPD2023,,,,2011 international dollars,persons,GDP per capita multiplied by population
USA,United States,Western Offshoots,1678,,,MPD2023,,,,2011 international dollars,persons,GDP per capita multiplied by population
USA,United States,Western Offshoots,1679,,,MPD2023,,,,2011 international dollars,persons,GDP per capita multiplied by population
USA,United States,Western Offshoots,1680,,,MPD2023,,,,2011 international dollars,persons,GDP per capita multiplied by population
USA,United States,Western Offshoots,1681,,,MPD2023,,,,2011 international dollars,persons,GDP per capita multiplied by population
USA,United States,Western Offshoots,1682,,,MPD2023,,,,2011 international dollars,persons,GDP per capita multiplied by population
USA,United States,Western Offshoots,1683,,,MPD2023,,,,2011 international dollars,persons,GDP per capita multiplied by population
USA,United States,Western Offshoots,1684,,,MPD2023,,,,2011 international dollars,persons,GDP per capita multiplied by population
USA,United States,Western Offshoots,1685,,,MPD2023,,,,2011 international dollars,persons,GDP per capita multiplied by population
USA,United States,Western Offshoots,1686,,,MPD2023,,,,2011 international dollars,persons,GDP per capita multiplied by population
USA,United States,Western Offshoots,1687,,,MPD2023,,,,2011 international dollars,persons,GDP per capita multiplied by population
USA,United States,Western Offshoots,1688,,,MPD2023,,,,2011 international dollars,persons,GDP per capita multiplied by population
USA,United States,Western Offshoots,1689,,,MPD2023,,,,2011 international dollars,persons,GDP per capita multiplied by population
USA,United States,Western Offshoots,1690,,,MPD2023,,,,2011 international dollars,persons,GDP per capita multiplied by population
USA,United States,Western Offshoots,1691,,,MPD2023,,,,2011 international dollars,persons,GDP per capita multiplied by population
USA,United States,Western Offshoots,1692,,,MPD2023,,,,2011 international dollars,persons,GDP per capita multiplied by population
USA,United States,Western Offshoots,1693,,,MPD2023,,,,2011 international dollars,persons,GDP per capita multiplied by population
USA,United States,Western Offshoots,1694,,,MPD2023,,,,2011 international dollars,persons,GDP per capita multiplied by population
USA,United States,Western Offshoots,1695,,,MPD2023,,,,2011 international dollars,persons,GDP per capita multiplied by population
USA,United States,Western Offshoots,1696,,,MPD2023,,,,2011 international dollars,persons,GDP per capita multiplied by population
USA,United States,Western Offshoots,1697,,,MPD2023,,,,2011 international dollars,persons,GDP per capita multiplied by population
USA,United States,Western Offshoots,1698,,,MPD2023,,,,2011 international dollars,persons,GDP per capita multiplied by population
USA,United States,Western Offshoots,1699,,,MPD2023,,,,2011 international dollars,persons,GDP per capita multiplied by population
USA,United States,Western Offshoots,1700,,1000.0,MPD2023,,1000000.0,,2011 international dollars,persons,GDP per capita multiplied by population
USA,United States,Western Offshoots,1701,,,MPD2023,,,,2011 international dollars,persons,GDP per capita multiplied by population
USA,United States,Western Offshoots,1702,,,MPD2023,,,,2011 international dollars,persons,GDP per capita multiplied by population
USA,United States,Western Offshoots,1703,,,MPD2023,,,,2011 international dollars,persons,GDP per capita multiplied by population
USA,United States,Western Offshoots,1704,,,MPD2023,,,,2011 international dollars,persons,GDP per capita multiplied by population
USA,United States,Western Offshoots,1705,,,MPD2023,,,,2011 international dollars,persons,GDP per capita multiplied by population
USA,United States,Western Offshoots,1706,,,MPD2023,,,,2011 international dollars,persons,GDP per capita multiplied by population
USA,United States,Western Offshoots,1707,,,MPD2023,,,,2011 international dollars,persons,GDP per capita multiplied by population
USA,United States,Western Offshoots,1708,,,MPD2023,,,,2011 international dollars,persons,GDP per capita multiplied by population
USA,United States,Western Offshoots,1709,,,MPD2023,,,,2011 international dollars,persons,GDP per capita multiplied by population
USA,United States,Western Offshoots,1710,,,MPD2023,,,,2011 international dollars,persons,GDP per capita multiplied by population
USA,United States,Western Offshoots,1711,,,MPD2023,,,,2011 international dollars,persons,GDP per capita multiplied by population
USA,United States,Western Offshoots,1712,,,MPD2023,,,,2011 international dollars,persons,GDP per capita multiplied by population
USA,United States,Western Offshoots,1713,,,MPD2023,,,,2011 international dollars,persons,GDP per capita multiplied by population
USA,United States,Western Offshoots,1714,,,MPD2023,,,,2011 international dollars,persons,GDP per capita multiplied by population
USA,United States,Western Offshoots,1715,,,MPD2023,,,,2011 international dollars,persons,GDP per capita multiplied by population
USA,United States,Western Offshoots,1716,,,MPD2023,,,,2011 international dollars,persons,GDP per capita multiplied by population
USA,United States,Western Offshoots,1717,,,MPD2023,,,,2011 international dollars,persons,GDP per capita multiplied by population
USA,United States,Western Offshoots,1718,,,MPD2023,,,,2011 international dollars,persons,GDP per capita multiplied by population
USA,United States,Western Offshoots,1719,,,MPD2023,,,,2011 international dollars,persons,GDP per capita multiplied by population
USA,United States,Western Offshoots,1720,1768.9856000000002,,MPD2023,1768.9856000000002,,,2011 international dollars,persons,GDP per capita multiplied by population
USA,United States,Western Offshoots,1721,,,MPD2023,,,,2011 international dollars,persons,GDP per capita multiplied by population
USA,United States,Western Offshoots,1722,,,MPD2023,,,,2011 international dollars,persons,GDP per capita multiplied by population
USA,United States,Western Offshoots,1723,,,MPD2023,,,,2011 international dollars,persons,GDP per capita multiplied by population
USA,United States,Western Offshoots,1724,,,MPD2023,,,,2011 international dollars,persons,GDP per capita multiplied by population
USA,United States,Western Offshoots,1725,,,MPD2023,,,,2011 international dollars,persons,GDP per capita multiplied by population
USA,United States,Western Offshoots,1726,,,MPD2023,,,,2011 international dollars,persons,GDP per capita multiplied by population
USA,United States,Western Offshoots,1727,,,MPD2023,,,,2011 international dollars,persons,GDP per capita multiplied by population
USA,United States,Western Offshoots,1728,,,MPD2023,,,,2011 international dollars,persons,GDP per capita multiplied by population
USA,United States,Western Offshoots,1729,,,MPD2023,,,,2011 international dollars,persons,GDP per capita multiplied by population
USA,United States,Western Offshoots,1730,,,MPD2023,,,,2011 international dollars,persons,GDP per capita multiplied by population
USA,United States,Western Offshoots,1731,,,MPD2023,,,,2011 international dollars,persons,GDP per capita multiplied by population
USA,United States,Western Offshoots,1732,,,MPD2023,,,,2011 international dollars,persons,GDP per capita multiplied by population
USA,United States,Western Offshoots,1733,,,MPD2023,,,,2011 international dollars,persons,GDP per capita multiplied by population
USA,United States,Western Offshoots,1734,,,MPD2023,,,,2011 international dollars,persons,GDP per capita multiplied by population
USA,United States,Western Offshoots,1735,,,MPD2023,,,,2011 international dollars,persons,GDP per capita multiplied by population
USA,United States,Western Offshoots,1736,,,MPD2023,,,,2011 international dollars,persons,GDP per capita multiplied by population
USA,United States,Western Offshoots,1737,,,MPD2023,,,,2011 international dollars,persons,GDP per capita multiplied by population
USA,United States,Western Offshoots,1738,,,MPD2023,,,,2011 international dollars,persons,GDP per capita multiplied by population
USA,United States,Western Offshoots,1739,,,MPD2023,,,,2011 international dollars,persons,GDP per capita multiplied by population
USA,United States,Western Offshoots,1740,,,MPD2023,,,,2011 international dollars,persons,GDP per capita multiplied by population
USA,United States,Western Offshoots,1741,,,MPD2023,,,,2011 international dollars,persons,GDP per capita multiplied by population
USA,United States,Western Offshoots,1742,,,MPD2023,,,,2011 international dollars,persons,GDP per capita multiplied by population
USA,United States,Western Offshoots,1743,,,MPD2023,,,,2011 international dollars,persons,GDP per capita multiplied by population
USA,United States,Western Offshoots,1744,,,MPD2023,,,,2011 international dollars,persons,GDP per capita multiplied by population
USA,United States,Western Offshoots,1745,,,MPD2023,,,,2011 international dollars,persons,GDP per capita multiplied by population
USA,United States,Western Offshoots,1746,,,MPD2023,,,,2011 international dollars,persons,GDP per capita multiplied by population
USA,United States,Western Offshoots,1747,,,MPD2023,,,,2011 international dollars,persons,GDP per capita multiplied by population
USA,United States,Western Offshoots,1748,,,MPD2023,,,,2011 international dollars,persons,GDP per capita multiplied by population
USA,United States,Western Offshoots,1749,,,MPD2023,,,,2011 international dollars,persons,GDP per capita multiplied by population
USA,United States,Western Offshoots,1750,,,MPD2023,,,,2011 international dollars,persons,GDP per capita multiplied by population
USA,United States,Western Offshoots,1751,,,MPD2023,,,,2011 international dollars,persons,GDP per capita multiplied by population
USA,United States,Western Offshoots,1752,,,MPD2023,,,,2011 international dollars,persons,GDP per capita multiplied by population
USA,United States,Western Offshoots,1753,,,MPD2023,,,,2011 international dollars,persons,GDP per capita multiplied by population
USA,United States,Western Offshoots,1754,,,MPD2023,,,,2011 international dollars,persons,GDP per capita multiplied by population
USA,United States,Western Offshoots,1755,,,MPD2023,,,,2011 international dollars,persons,GDP per capita multiplied by population
USA,United States,Western Offshoots,1756,,,MPD2023,,,,2011 international dollars,persons,GDP per capita multiplied by population
USA,United States,Western Offshoots,1757,,,MPD2023,,,,2011 international dollars,persons,GDP per capita multiplied by population
USA,United States,Western Offshoots,1758,,,MPD2023,,,,2011 international dollars,persons,GDP per capita multiplied by population
USA,United States,Western Offshoots,1759,,,MPD2023,,,,2011 international dollars,persons,GDP per capita multiplied by population
USA,United States,Western Offshoots,1760,,,MPD2023,,,,2011 international dollars,persons,GDP per capita multiplied by population
USA,United States,Western Offshoots,1761,,,MPD2023,,,,2011 international dollars,persons,GDP per capita multiplied by population
USA,United States,Western Offshoots,1762,,,MPD2023,,,,2011 international dollars,persons,GDP per capita multiplied by population
USA,United States,Western Offshoots,1763,,,MPD2023,,,,2011 international dollars,persons,GDP per capita multiplied by population
USA,United States,Western Offshoots,1764,,,MPD2023,,,,2011 international dollars,persons,GDP per capita multiplied by population
USA,United States,Western Offshoots,1765,,,MPD2023,,,,2011 international dollars,persons,GDP per capita multiplied by population
USA,United States,Western Offshoots,1766,,,MPD2023,,,,2011 international dollars,persons,GDP per capita multiplied by population
USA,United States,Western Offshoots,1767,,,MPD2023,,,,2011 international dollars,persons,GDP per capita multiplied by population
USA,United States,Western Offshoots,1768,,,MPD2023,,,,2011 international dollars,persons,GDP per capita multiplied by population
USA,United States,Western Offshoots,1769,,,MPD2023,,,,2011 international dollars,persons,GDP per capita multiplied by population
USA,United States,Western Offshoots,1770,,,MPD2023,,,,2011 international dollars,persons,GDP per capita multiplied by population
USA,United States,Western Offshoots,1771,,,MPD2023,,,,2011 international dollars,persons,GDP per capita multiplied by population
USA,United States,Western Offshoots,1772,,,MPD2023,,,,2011 international dollars,persons,GDP per capita multiplied by population
USA,United States,Western Offshoots,1773,,,MPD2023,,,,2011 international dollars,persons,GDP per capita multiplied by population
USA,United States,Western Offshoots,1774,,,MPD2023,,,,2011 international dollars,persons,GDP per capita multiplied by population
USA,United States,Western Offshoots,1775,2419.0,,MPD2023,2419.0,,,2011 international dollars,persons,GDP per capita multiplied by population
USA,United States,Western Offshoots,1776,,,MPD2023,,,,2011 international dollars,persons,GDP per capita multiplied by population
USA,United States,Western Offshoots,1777,,,MPD2023,,,,2011 international dollars,persons,GDP per capita multiplied by population
USA,United States,Western Offshoots,1778,,,MPD2023,,,,2011 international dollars,persons,GDP per capita multiplied by population
USA,United States,Western Offshoots,1779,,,MPD2023,,,,2011 international dollars,persons,GDP per capita multiplied by population
USA,United States,Western Offshoots,1780,,,MPD2023,,,,2011 international dollars,persons,GDP per capita multiplied by population
USA,United States,Western Offshoots,1781,,,MPD2023,,,,2011 international dollars,persons,GDP per capita multiplied by population
USA,United States,Western Offshoots,1782,,,MPD2023,,,,2011 international dollars,persons,GDP per capita multiplied by population
USA,United States,Western Offshoots,1783,,,MPD2023,,,,2011 international dollars,persons,GDP per capita multiplied by population
USA,United States,Western Offshoots,1784,,,MPD2023,,,,2011 international dollars,persons,GDP per capita multiplied by population
USA,United States,Western Offshoots,1785,,,MPD2023,,,,2011 international dollars,persons,GDP per capita multiplied by population
USA,United States,Western Offshoots,1786,,,MPD2023,,,,2011 international dollars,persons,GDP per capita multiplied by population
USA,United States,Western Offshoots,1787,,,MPD2023,,,,2011 international dollars,persons,GDP per capita multiplied by population
USA,United States,Western Offshoots,1788,,,MPD2023,,,,2011 international dollars,persons,GDP per capita multiplied by population
USA,United States,Western Offshoots,1789,,,MPD2023,,,,2011 international dollars,persons,GDP per capita multiplied by population
USA,United States,Western Offshoots,1790,,,MPD2023,,,,2011 international dollars,persons,GDP per capita multiplied by population
USA,United States,Western Offshoots,1791,,,MPD2023,,,,2011 international dollars,persons,GDP per capita multiplied by population
USA,United States,Western Offshoots,1792,,,MPD2023,,,,2011 international dollars,persons,GDP per capita multiplied by population
USA,United States,Western Offshoots,1793,,,MPD2023,,,,2011 international dollars,persons,GDP per capita multiplied by population
USA,United States,Western Offshoots,1794,,,MPD2023,,,,2011 international dollars,persons,GDP per capita multiplied by population
USA,United States,Western Offshoots,1795,,,MPD2023,,,,2011 international dollars,persons,GDP per capita multiplied by population
USA,United States,Western Offshoots,1796,,,MPD2023,,,,2011 international dollars,persons,GDP per capita multiplied by population
USA,United States,Western Offshoots,1797,,,MPD2023,,,,2011 international dollars,persons,GDP per capita multiplied by population
USA,United States,Western Offshoots,1798,,,MPD2023,,,,2011 international dollars,persons,GDP per capita multiplied by population
USA,United States,Western Offshoots,1799,,,MPD2023,,,,2011 international dollars,persons,GDP per capita multiplied by population
USA,United States,Western Offshoots,1800,2545.4880000000003,,MPD2023,2545.4880000000003,,,2011 international dollars,persons,GDP per capita multiplied by population
USA,United States,Western Offshoots,1801,2591.7696,,MPD2023,2591.7696,,,2011 international dollars,persons,GDP per capita multiplied by population
USA,United States,Western Offshoots,1802,2635.48,,MPD2023,2635.48,,,2011 international dollars,persons,GDP per capita multiplied by population
USA,United States,Western Offshoots,1803,2590.4840000000004,,MPD2023,2590.4840000000004,,,2011 international dollars,persons,GDP per capita multiplied by population
USA,United States,Western Offshoots,1804,2587.9128,,MPD2023,2587.9128,,,2011 international dollars,persons,GDP per capita multiplied by population
USA,United States,Western Offshoots,1805,2643.1936,,MPD2023,2643.1936,,,2011 international dollars,persons,GDP per capita multiplied by population
USA,United States,Western Offshoots,1806,2690.7608,,MPD2023,2690.7608,,,2011 international dollars,persons,GDP per capita multiplied by population
USA,United States,Western Offshoots,1807,2717.7584,,MPD2023,2717.7584,,,2011 international dollars,persons,GDP per capita multiplied by population
USA,United States,Western Offshoots,1808,2526.204,,MPD2023,2526.204,,,2011 international dollars,persons,GDP per capita multiplied by population
USA,United States,Western Offshoots,1809,2652.1928000000003,,MPD2023,2652.1928000000003,,,2011 international dollars,persons,GDP per capita multiplied by population
USA,United States,Western Offshoots,1810,2725.472,,MPD2023,2725.472,,,2011 international dollars,persons,GDP per capita multiplied by population
USA,United States,Western Offshoots,1811,2780.7528,,MPD2023,2780.7528,,,2011 international dollars,persons,GDP per capita multiplied by population
USA,United States,Western Offshoots,1812,2731.9,,MPD2023,2731.9,,,2011 international dollars,persons,GDP per capita multiplied by population
USA,United States,Western Offshoots,1813,2762.7544000000003,,MPD2023,2762.7544000000003,,,2011 international dollars,persons,GDP per capita multiplied by population
USA,United States,Western Offshoots,1814,2815.464,,MPD2023,2815.464,,,2011 international dollars,persons,GDP per capita multiplied by population
USA,United States,Western Offshoots,1815,2803.8936000000003,,MPD2023,2803.8936000000003,,,2011 international dollars,persons,GDP per capita multiplied by population
USA,United States,Western Offshoots,1816,2690.7608,,MPD2023,2690.7608,,,2011 international dollars,persons,GDP per capita multiplied by population
USA,United States,Western Offshoots,1817,2688.1896,,MPD2023,2688.1896,,,2011 international dollars,persons,GDP per capita multiplied by population
USA,United States,Western Offshoots,1818,2694.6176,,MPD2023,2694.6176,,,2011 international dollars,persons,GDP per capita multiplied by population
USA,United States,Western Offshoots,1819,2690.7608,,MPD2023,2690.7608,,,2011 international dollars,persons,GDP per capita multiplied by population
USA,United States,Western Offshoots,1820,2674.0480000000002,9981.0,MPD2023,2674.0480000000002,9981000.0,26689673088.000004,2011 international dollars,persons,GDP per capita multiplied by population
USA,United States,Western Offshoots,1821,2715.1872000000003,10299.0,MPD2023,2715.1872000000003,10299000.0,27963712972.800003,2011 international dollars,persons,GDP per capita multiplied by population
USA,United States,Western Offshoots,1822,2791.0376,10626.0,MPD2023,2791.0376,10626000.0,29657565537.600002,2011 international dollars,persons,GDP per capita multiplied by population
USA,United States,Western Offshoots,1823,2760.1832,10951.0,MPD2023,2760.1832,10951000.0,30226766223.2,2011 international dollars,persons,GDP per capita multiplied by population
USA,United States,Western Offshoots,1824,2836.0336,11277.0,MPD2023,2836.0336,11277000.0,31981950907.2,2011 international dollars,persons,GDP per capita multiplied by population
USA,United States,Western Offshoots,1825,2897.7424,11602.0,MPD2023,2897.7424,11602000.0,33619607324.8,2011 international dollars,persons,GDP per capita multiplied by population
USA,United States,Western Offshoots,1826,2918.3120000000004,11928.0,MPD2023,2918.3120000000004,11928000.0,34809625536.00001,2011 international dollars,persons,GDP per capita multiplied by population
USA,United States,Western Offshoots,1827,2929.8824,12251.0,MPD2023,2929.8824,12251000.0,35893989282.4,2011 international dollars,persons,GDP per capita multiplied by population
USA,United States,Western Offshoots,1828,2929.8824,12581.0,MPD2023,2929.8824,12581000.0,36860850474.4,2011 international dollars,persons,GDP per capita multiplied by population
USA,United States,Western Offshoots,1829,2833.4624000000003,12906.0,MPD2023,2833.4624000000003,12906000.0,36568665734.4,2011 international dollars,persons,GDP per capita multiplied by population
USA,United States,Western Offshoots,1830,3039.1584000000003,13240.0,MPD2023,3039.1584000000003,13240000.0,40238457216.0,2011 international dollars,persons,GDP per capita multiplied by population
USA,United States,Western Offshoots,1831,3225.5704,13659.0,MPD2023,3225.5704,13659000.0,44058066093.6,2011 international dollars,persons,GDP per capita multiplied by population
USA,United States,Western Offshoots,1832,3342.5600000000004,14078.0,MPD2023,3342.5600000000004,14078000.0,47056559680.00001,2011 international dollars,persons,GDP per capita multiplied by population
USA,United States,Western Offshoots,1833,3459.5496000000003,14496.0,MPD2023,3459.5496000000003,14496000.0,50149631001.600006,2011 international dollars,persons,GDP per capita multiplied by population
USA,United States,Western Offshoots,1834,3294.9928,14915.0,MPD2023,3294.9928,14915000.0,49144817612.0,2011 international dollars,persons,GDP per capita multiplied by population
USA,United States,Western Offshoots,1835,3419.6960000000004,15334.0,MPD2023,3419.6960000000004,15334000.0,52437618464.00001,2011 international dollars,persons,GDP per capita multiplied by population
USA,United States,Western Offshoots,1836,3469.8344,15753.0,MPD2023,3469.8344,15753000.0,54660301303.200005,2011 international dollars,persons,GDP per capita multiplied by population
USA,United States,Western Offshoots,1837,3360.5584000000003,16171.0,MPD2023,3360.5584000000003,16171000.0,54343589886.40001,2011 international dollars,persons,GDP per capita multiplied by population
USA,United States,Western Offshoots,1838,3329.704,16591.0,MPD2023,3329.704,16591000.0,55243119064.0,2011 international dollars,persons,GDP per capita multiplied by population
USA,United States,Western Offshoots,1839,3491.6896,17009.0,MPD2023,3491.6896,17009000.0,59390148406.4,2011 international dollars,persons,GDP per capita multiplied by population
USA,United States,Western Offshoots,1840,3319.4192000000003,17444.0,MPD2023,3319.4192000000003,17444000.0,57903948524.8,2011 international dollars,persons,GDP per capita multiplied by population
USA,United States,Western Offshoots,1841,3252.568,18056.0,MPD2023,3252.568,18056000.0,58728367808.0,2011 international dollars,persons,GDP per capita multiplied by population
USA,United States,Western Offshoots,1842,3222.9992,18667.0,MPD2023,3222.9992,18667000.0,60163726066.4,2011 international dollars,persons,GDP per capita multiplied by population
USA,United States,Western Offshoots,1843,3274.4232,19279.0,MPD2023,3274.4232,19279000.0,63127604872.8,2011 international dollars,persons,GDP per capita multiplied by population
USA,United States,Western Offshoots,1844,3453.1216000000004,19890.0,MPD2023,3453.1216000000004,19890000.0,68682588624.00001,2011 international dollars,persons,GDP per capita multiplied by population
USA,United States,Western Offshoots,1845,3505.8312,20503.0,MPD2023,3505.8312,20503000.0,71880057093.6,2011 international dollars,persons,GDP per capita multiplied by population
USA,United States,Western Offshoots,1846,3526.4008000000003,21114.0,MPD2023,3526.4008000000003,21114000.0,74456426491.20001,2011 international dollars,persons,GDP per capita multiplied by population
USA,United States,Western Offshoots,1847,3618.9640000000004,21726.0,MPD2023,3618.9640000000004,21726000.0,78625611864.00002,2011 international dollars,persons,GDP per capita multiplied by population
USA,United States,Western Offshoots,1848,3712.8128,22337.0,MPD2023,3712.8128,22337000.0,82933099513.6,2011 international dollars,persons,GDP per capita multiplied by population
USA,United States,Western Offshoots,1849,3616.3928,22950.0,MPD2023,3616.3928,22950000.0,82996214760.0,2011 international dollars,persons,GDP per capita multiplied by population
USA,United States,Western Offshoots,1850,3631.82,23580.0,MPD2023,3631.82,23580000.0,85638315600.0,2011 international dollars,persons,GDP per capita multiplied by population
USA,United States,Western Offshoots,1851,3778.3784,24405.0,MPD2023,3778.3784,24405000.0,92211324852.0,2011 international dollars,persons,GDP per capita multiplied by population
USA,United States,Western Offshoots,1852,3971.2184,25231.0,MPD2023,3971.2184,25231000.0,100197811450.40001,2011 international dollars,persons,GDP per capita multiplied by population
USA,United States,Western Offshoots,1853,4242.4800000000005,26157.0,MPD2023,4242.4800000000005,26157000.0,110970549360.00002,2011 international dollars,persons,GDP per capita multiplied by population
USA,United States,Western Offshoots,1854,4254.0504,26882.0,MPD2023,4254.0504,26882000.0,114357382852.8,2011 international dollars,persons,GDP per capita multiplied by population
USA,United States,Western Offshoots,1855,4161.4872000000005,27708.0,MPD2023,4161.4872000000005,27708000.0,115306487337.6,2011 international dollars,persons,GDP per capita multiplied by population
USA,United States,Western Offshoots,1856,4247.6224,28535.0,MPD2023,4247.6224,28535000.0,121205905184.0,2011 international dollars,persons,GDP per capita multiplied by population
USA,United States,Western Offshoots,1857,4156.3448,29360.0,MPD2023,4156.3448,29360000.0,122030283328.0,2011 international dollars,persons,GDP per capita multiplied by population
USA,United States,Western Offshoots,1858,4176.914400000001,30186.0,MPD2023,4176.914400000001,30186000.0,126084338078.40002,2011 international dollars,persons,GDP per capita multiplied by population
USA,United States,Western Offshoots,1859,4288.7616,31012.0,MPD2023,4288.7616,31012000.0,133003074739.2,2011 international dollars,persons,GDP per capita multiplied by population
USA,United States,Western Offshoots,1860,4401.8944,31839.0,MPD2023,4401.8944,31839000.0,140151915801.6,2011 international dollars,persons,GDP per capita multiplied by population
USA,United States,Western Offshoots,1861,4311.9024,32678.0,MPD2023,4311.9024,32678000.0,140904346627.2,2011 international dollars,persons,GDP per capita multiplied by population
USA,United States,Western Offshoots,1862,4446.8904,33516.0,MPD2023,4446.8904,33516000.0,149041978646.4,2011 international dollars,persons,GDP per capita multiplied by population
USA,United States,Western Offshoots,1863,4733.5792,34355.0,MPD2023,4733.5792,34355000.0,162622113416.0,2011 international dollars,persons,GDP per capita multiplied by population
USA,United States,Western Offshoots,1864,4889.1368,35192.0,MPD2023,4889.1368,35192000.0,172058502265.6,2011 international dollars,persons,GDP per capita multiplied by population
USA,United States,Western Offshoots,1865,4637.1592,36031.0,MPD2023,4637.1592,36031000.0,167081483135.2,2011 international dollars,persons,GDP per capita multiplied by population
USA,United States,Western Offshoots,1866,4599.8768,36869.0,MPD2023,4599.8768,36869000.0,169592857739.2,2011 international dollars,persons,GDP per capita multiplied by population
USA,United States,Western Offshoots,1867,4751.5776000000005,37708.0,MPD2023,4751.5776000000005,37708000.0,179172488140.80002,2011 international dollars,persons,GDP per capita multiplied by population
USA,United States,Western Offshoots,1868,4815.8576,38546.0,MPD2023,4815.8576,38546000.0,185632047049.6,2011 international dollars,persons,GDP per capita multiplied by population
USA,United States,Western Offshoots,1869,4943.1320000000005,39385.0,MPD2023,4943.1320000000005,39385000.0,194685253820.00003,2011 international dollars,persons,GDP per capita multiplied by population
USA,United States,Western Offshoots,1870,4803.0016000000005,40241.0,MPD2023,4803.0016000000005,40241000.0,193277587385.6,2011 international dollars,persons,GDP per capita multiplied by population
USA,United States,Western Offshoots,1871,4918.7056,41098.0,MPD2023,4918.7056,41098000.0,202148962748.80002,2011 international dollars,persons,GDP per capita multiplied by population
USA,United States,Western Offshoots,1872,4991.9848,42136.0,MPD2023,4991.9848,42136000.0,210342271532.80002,2011 international dollars,persons,GDP per capita multiplied by population
USA,United States,Western Offshoots,1873,5116.688,43174.0,MPD2023,5116.688,43174000.0,220907887712.0,2011 international dollars,persons,GDP per capita multiplied by population
USA,United States,Western Offshoots,1874,4964.9872000000005,44212.0,MPD2023,4964.9872000000005,44212000.0,219512014086.40002,2011 international dollars,persons,GDP per capita multiplied by population
USA,United States,Western Offshoots,1875,5105.1176000000005,45245.0,MPD2023,5105.1176000000005,45245000.0,230981045812.00003,2011 international dollars,persons,GDP per capita multiplied by population
USA,United States,Western Offshoots,1876,5049.8368,46287.0,MPD2023,5049.8368,46287000.0,233741795961.6,2011 international dollars,persons,GDP per capita multiplied by population
USA,United States,Western Offshoots,1877,5098.689600000001,47325.0,MPD2023,5098.689600000001,47325000.0,241295485320.00003,2011 international dollars,persons,GDP per capita multiplied by population
USA,United States,Western Offshoots,1878,5198.9664,48362.0,MPD2023,5198.9664,48362000.0,251432413036.80002,2011 international dollars,persons,GDP per capita multiplied by population
USA,United States,Western Offshoots,1879,5715.7776,49400.0,MPD2023,5715.7776,49400000.0,282359413440.0,2011 international dollars,persons,GDP per capita multiplied by population
USA,United States,Western Offshoots,1880,6255.729600000001,50458.0,MPD2023,6255.729600000001,50458000.0,315651604156.80005,2011 international dollars,persons,GDP per capita multiplied by population
USA,United States,Western Offshoots,1881,6317.4384,51743.0,MPD2023,6317.4384,51743000.0,326883215131.2,2011 international dollars,persons,GDP per capita multiplied by population
USA,United States,Western Offshoots,1882,6557.845600000001,53027.0,MPD2023,6557.845600000001,53027000.0,347742878631.2,2011 international dollars,persons,GDP per capita multiplied by population
USA,United States,Western Offshoots,1883,6559.131200000001,54311.0,MPD2023,6559.131200000001,54311000.0,356232974603.2,2011 international dollars,persons,GDP per capita multiplied by population
USA,United States,Western Offshoots,1884,6523.134400000001,55595.0,MPD2023,6523.134400000001,55595000.0,362653656968.00006,2011 international dollars,persons,GDP per capita multiplied by population
USA,United States,Western Offshoots,1885,6424.1432,56879.0,MPD2023,6424.1432,56879000.0,365398841072.80005,2011 international dollars,persons,GDP per capita multiplied by population
USA,United States,Western Offshoots,1886,6471.7104,58164.0,MPD2023,6471.7104,58164000.0,376420563705.6,2011 international dollars,persons,GDP per capita multiplied by population
USA,United States,Western Offshoots,1887,6616.983200000001,59448.0,MPD2023,6616.983200000001,59448000.0,393366417273.60004,2011 international dollars,persons,GDP per capita multiplied by population
USA,United States,Western Offshoots,1888,6447.284000000001,60732.0,MPD2023,6447.284000000001,60732000.0,391556451888.00006,2011 international dollars,persons,GDP per capita multiplied by population
USA,United States,Western Offshoots,1889,6705.689600000001,62016.0,MPD2023,6705.689600000001,62016000.0,415860046233.60004,2011 international dollars,persons,GDP per capita multiplied by population
USA,United States,Western Offshoots,1890,6664.5504,63302.0,MPD2023,6664.5504,63302000.0,421879369420.8,2011 international dollars,persons,GDP per capita multiplied by population
USA,United States,Western Offshoots,1891,6811.1088,64612.0,MPD2023,6811.1088,64612000.0,440079361785.6,2011 international dollars,persons,GDP per capita multiplied by population
USA,United States,Western Offshoots,1892,7324.0632000000005,65922.0,MPD2023,7324.0632000000005,65922000.0,482816894270.4,2011 international dollars,persons,GDP per capita multiplied by population
USA,United States,Western Offshoots,1893,6834.2496,67231.0,MPD2023,6834.2496,67231000.0,459473434857.60004,2011 international dollars,persons,GDP per capita multiplied by population
USA,United States,Western Offshoots,1894,6510.2784,68541.0,MPD2023,6510.2784,68541000.0,446220991814.4,2011 international dollars,persons,GDP per capita multiplied by population
USA,United States,Western Offshoots,1895,7159.5064,69851.0,MPD2023,7159.5064,69851000.0,500098681546.4,2011 international dollars,persons,GDP per capita multiplied by population
USA,United States,Western Offshoots,1896,6885.6736,71161.0,MPD2023,6885.6736,71161000.0,489991419049.6,2011 international dollars,persons,GDP per capita multiplied by population
USA,United States,Western Offshoots,1897,7406.341600000001,72471.0,MPD2023,7406.341600000001,72471000.0,536744982093.60004,2011 international dollars,persons,GDP per capita multiplied by population
USA,United States,Western Offshoots,1898,7426.9112000000005,73781.0,MPD2023,7426.9112000000005,73781000.0,547964935247.2,2011 international dollars,persons,GDP per capita multiplied by population
USA,United States,Western Offshoots,1899,7959.149600000001,75091.0,MPD2023,7959.149600000001,75091000.0,597660502613.6001,2011 international dollars,persons,GDP per capita multiplied by population
USA,United States,Western Offshoots,1900,8037.5712,76391.0,MPD2023,8037.5712,76391000.0,613998101539.2001,2011 international dollars,persons,GDP per capita multiplied by population
USA,United States,Western Offshoots,1901,8770.3632,77888.0,MPD2023,8770.3632,77888000.0,683106048921.6,2011 international dollars,persons,GDP per capita multiplied by population
USA,United States,Western Offshoots,1902,8684.228000000001,79469.0,MPD2023,8684.228000000001,79469000.0,690126914932.0001,2011 international dollars,persons,GDP per capita multiplied by population
USA,United States,Western Offshoots,1903,8941.348,80946.0,MPD2023,8941.348,80946000.0,723766355208.0,2011 international dollars,persons,GDP per capita multiplied by population
USA,United States,Western Offshoots,1904,8663.6584,82485.0,MPD2023,8663.6584,82485000.0,714621863124.0,2011 international dollars,persons,GDP per capita multiplied by population
USA,United States,Western Offshoots,1905,9121.332,84147.0,MPD2023,9121.332,84147000.0,767532723804.0,2011 international dollars,persons,GDP per capita multiplied by population
USA,United States,Western Offshoots,1906,9980.1128,85770.0,MPD2023,9980.1128,85770000.0,855994274856.0001,2011 international dollars,persons,GDP per capita multiplied by population
USA,United States,Western Offshoots,1907,9950.544,87339.0,MPD2023,9950.544,87339000.0,869070562416.0,2011 international dollars,persons,GDP per capita multiplied by population
USA,United States,Western Offshoots,1908,8975.976073471576,89055.0,MPD2023,8975.976073471576,89055000.0,799355549223.0112,2011 international dollars,persons,GDP per capita multiplied by population
USA,United States,Western Offshoots,1909,9798.118165962505,90845.0,MPD2023,9798.118165962505,90845000.0,890110044786.8638,2011 international dollars,persons,GDP per capita multiplied by population
USA,United States,Western Offshoots,1910,9636.78272182369,92767.0,MPD2023,9636.78272182369,92767000.0,893975422755.4183,2011 international dollars,persons,GDP per capita multiplied by population
USA,United States,Western Offshoots,1911,9735.889276162254,94234.0,MPD2023,9735.889276162254,94234000.0,917451790049.8738,2011 international dollars,persons,GDP per capita multiplied by population
USA,United States,Western Offshoots,1912,9976.567052540477,95703.0,MPD2023,9976.567052540477,95703000.0,954787396629.2812,2011 international dollars,persons,GDP per capita multiplied by population
USA,United States,Western Offshoots,1913,10107.969407089222,97606.0,MPD2023,10107.969407089222,97606000.0,986598461948.3506,2011 international dollars,persons,GDP per capita multiplied by population
USA,United States,Western Offshoots,1914,9096.371975724021,99505.0,MPD2023,9096.371975724021,99505000.0,905134493444.4187,2011 international dollars,persons,GDP per capita multiplied by population
USA,United States,Western Offshoots,1915,9164.17677403762,100941.0,MPD2023,9164.17677403762,100941000.0,925041167748.1313,2011 international dollars,persons,GDP per capita multiplied by population
USA,United States,Western Offshoots,1916,10222.31985087294,102364.0,MPD2023,10222.31985087294,102364000.0,1046397549214.7577,2011 international dollars,persons,GDP per capita multiplied by population
USA,United States,Western Offshoots,1917,9769.078001020385,103817.0,MPD2023,9769.078001020385,103817000.0,1014196370831.9333,2011 international dollars,persons,GDP per capita multiplied by population
USA,United States,Western Offshoots,1918,10471.305782318592,104958.0,MPD2023,10471.305782318592,104958000.0,1099047312300.5947,2011 international dollars,persons,GDP per capita multiplied by population
USA,United States,Western Offshoots,1919,10449.780270189627,105473.0,MPD2023,10449.780270189627,105473000.0,1102169674437.7104,2011 international dollars,persons,GDP per capita multiplied by population
USA,United States,Western Offshoots,1920,10152.92710876304,106881.0,MPD2023,10152.92710876304,106881000.0,1085155002311.7025,2011 international dollars,persons,GDP per capita multiplied by population
USA,United States,Western Offshoots,1921,9674.880487572922,108964.0,MPD2023,9674.880487572922,108964000.0,1054213677447.8959,2011 international dollars,persons,GDP per capita multiplied by population
USA,United States,Western Offshoots,1922,10009.71527703613,110484.0,MPD2023,10009.71527703613,110484000.0,1105913382668.0598,2011 international dollars,persons,GDP per capita multiplied by population
USA,United States,Western Offshoots,1923,11071.242977955602,112387.0,MPD2023,11071.242977955602,112387000.0,1244263784563.4963,2011 international dollars,persons,GDP per capita multiplied by population
USA,United States,Western Offshoots,1924,11126.712983463249,114558.0,MPD2023,11126.712983463249,114558000.0,1274653985959.5828,2011 international dollars,persons,GDP per capita multiplied by population
USA,United States,Western Offshoots,1925,11149.772026621313,116284.0,MPD2023,11149.772026621313,116284000.0,1296540090343.6328,2011 international dollars,persons,GDP per capita multiplied by population
USA,United States,Western Offshoots,1926,11647.767778146148,117857.0,MPD2023,11647.767778146148,117857000.0,1372770967028.9705,2011 international dollars,persons,GDP per capita multiplied by population
USA,United States,Western Offshoots,1927,11532.397899064365,119502.0,MPD2023,11532.397899064365,119502000.0,1378144613733.9897,2011 international dollars,persons,GDP per capita multiplied by population
USA,United States,Western Offshoots,1928,11451.068960239278,120971.0,MPD2023,11451.068960239278,120971000.0,1385247263189.1057,2011 international dollars,persons,GDP per capita multiplied by population
USA,United States,Western Offshoots,1929,11954.235345750252,122245.0,MPD2023,11954.235345750252,122245000.0,1461345499841.2395,2011 international dollars,persons,GDP per capita multiplied by population
USA,United States,Western Offshoots,1930,10694.982075282736,123668.0,MPD2023,10694.982075282736,123668000.0,1322627043286.0654,2011 international dollars,persons,GDP per capita multiplied by population
USA,United States,Western Offshoots,1931,9930.963393975506,124633.0,MPD2023,9930.963393975506,124633000.0,1237725760681.349,2011 international dollars,persons,GDP per capita multiplied by population
USA,United States,Western Offshoots,1932,8380.50437668054,125436.0,MPD2023,8380.50437668054,125436000.0,1051216946993.3002,2011 international dollars,persons,GDP per capita multiplied by population
USA,United States,Western Offshoots,1933,8048.224515824326,126180.0,MPD2023,8048.224515824326,126180000.0,1015524969406.7134,2011 international dollars,persons,GDP per capita multiplied by population
USA,United States,Western Offshoots,1934,8667.091848719567,126978.0,MPD2023,8667.091848719567,126978000.0,1100529988766.7131,2011 international dollars,persons,GDP per capita multiplied by population
USA,United States,Western Offshoots,1935,9680.838642745883,127859.0,MPD2023,9680.838642745883,127859000.0,1237782348022.8457,2011 international dollars,persons,GDP per capita multiplied by population
USA,United States,Western Offshoots,1936,10568.012351747955,128681.0,MPD2023,10568.012351747955,128681000.0,1359902397435.2786,2011 international dollars,persons,GDP per capita multiplied by population
USA,United States,Western Offshoots,1937,11295.098948010274,129464.0,MPD2023,11295.098948010274,129464000.0,1462308690205.2021,2011 international dollars,persons,GDP per capita multiplied by population
USA,United States,Western Offshoots,1938,10526.133571171693,130476.0,MPD2023,10526.133571171693,130476000.0,1373407803832.1978,2011 international dollars,persons,GDP per capita multiplied by population
USA,United States,Western Offshoots,1939,11171.448105736908,131539.0,MPD2023,11171.448105736908,131539000.0,1469481112380.527,2011 international dollars,persons,GDP per capita multiplied by population
USA,United States,Western Offshoots,1940,12005.095163215066,132637.0,MPD2023,12005.095163215066,132637000.0,1592319807163.3567,2011 international dollars,persons,GDP per capita multiplied by population
USA,United States,Western Offshoots,1941,13553.401661236254,133922.0,MPD2023,13553.401661236254,133922000.0,1815098657276.0815,2011 international dollars,persons,GDP per capita multiplied by population
USA,United States,Western Offshoots,1942,14869.861152947138,135386.0,MPD2023,14869.861152947138,135386000.0,2013171022052.9014,2011 international dollars,persons,GDP per capita multiplied by population
USA,United States,Western Offshoots,1943,16050.217416219604,137272.0,MPD2023,16050.217416219604,137272000.0,2203245445159.2974,2011 international dollars,persons,GDP per capita multiplied by population
USA,United States,Western Offshoots,1944,16999.327167581923,138937.0,MPD2023,16999.327167581923,138937000.0,2361835518682.3296,2011 international dollars,persons,GDP per capita multiplied by population
USA,United States,Western Offshoots,1945,16477.551766472516,140474.0,MPD2023,16477.551766472516,140474000.0,2314667606843.46,2011 international dollars,persons,GDP per capita multiplied by population
USA,United States,Western Offshoots,1946,14822.466474563711,141940.0,MPD2023,14822.466474563711,141940000.0,2103900891399.5732,2011 international dollars,persons,GDP per capita multiplied by population
USA,United States,Western Offshoots,1947,14311.547192311999,144688.0,MPD2023,14311.547192311999,144688000.0,2070709140161.2385,2011 international dollars,persons,GDP per capita multiplied by population
USA,United States,Western Offshoots,1948,14734.232123999998,147203.0,MPD2023,14734.232123999998,147203000.0,2168923171349.1716,2011 international dollars,persons,GDP per capita multiplied by population
USA,United States,Western Offshoots,1949,14196.672,149770.0,MPD2023,14196.672,149770000.0,2126235565440.0,2011 international dollars,persons,GDP per capita multiplied by population
USA,United States,Western Offshoots,1950,15240.0,152271.0,MPD2023,15240.0,152271000.0,2320610040000.0,2011 international dollars,persons,GDP per capita multiplied by population
USA,United States,Western Offshoots,1951,16125.0,154878.0,MPD2023,16125.0,154878000.0,2497407750000.0,2011 international dollars,persons,GDP per capita multiplied by population
USA,United States,Western Offshoots,1952,16444.0,157553.0,MPD2023,16444.0,157553000.0,2590801532000.0,2011 international dollars,persons,GDP per capita multiplied by population
USA,United States,Western Offshoots,1953,16917.0,160184.0,MPD2023,16917.0,160184000.0,2709832728000.0,2011 international dollars,persons,GDP per capita multiplied by population
USA,United States,Western Offshoots,1954,16512.0,163026.0,MPD2023,16512.0,163026000.0,2691885312000.0,2011 international dollars,persons,GDP per capita multiplied by population
USA,United States,Western Offshoots,1955,17370.0,165931.0,MPD2023,17370.0,165931000.0,2882221470000.0,2011 international dollars,persons,GDP per capita multiplied by population
USA,United States,Western Offshoots,1956,17397.0,168903.0,MPD2023,17397.0,168903000.0,2938405491000.0,2011 international dollars,persons,GDP per capita multiplied by population
USA,United States,Western Offshoots,1957,17406.0,171984.0,MPD2023,17406.0,171984000.0,2993553504000.0,2011 international dollars,persons,GDP per capita multiplied by population
USA,United States,Western Offshoots,1958,16946.0,174882.0,MPD2023,16946.0,174882000.0,2963550372000.0,2011 international dollars,persons,GDP per capita multiplied by population
USA,United States,Western Offshoots,1959,17900.0,177830.0,MPD2023,17900.0,177830000.0,3183157000000.0,2011 international dollars,persons,GDP per capita multiplied by population
USA,United States,Western Offshoots,1960,18057.0,180671.0,MPD2023,18057.0,180671000.0,3262376247000.0,2011 international dollars,persons,GDP per capita multiplied by population
USA,United States,Western Offshoots,1961,18175.0,183691.0,MPD2023,18175.0,183691000.0,3338583925000.0,2011 international dollars,persons,GDP per capita multiplied by population
USA,United States,Western Offshoots,1962,18976.0,186538.0,MPD2023,18976.0,186538000.0,3539745088000.0,2011 international dollars,persons,GDP per capita multiplied by population
USA,United States,Western Offshoots,1963,19514.0,189242.0,MPD2023,19514.0,189242000.0,3692868388000.0,2011 international dollars,persons,GDP per capita multiplied by population
USA,United States,Western Offshoots,1964,20360.0,191889.0,MPD2023,20360.0,191889000.0,3906860040000.0,2011 international dollars,persons,GDP per capita multiplied by population
USA,United States,Western Offshoots,1965,21390.0,194303.0,MPD2023,21390.0,194303000.0,4156141170000.0,2011 international dollars,persons,GDP per capita multiplied by population
USA,United States,Western Offshoots,1966,22529.0,196560.0,MPD2023,22529.0,196560000.0,4428300240000.0,2011 international dollars,persons,GDP per capita multiplied by population
USA,United States,Western Offshoots,1967,22842.0,198712.0,MPD2023,22842.0,198712000.0,4538979504000.0,2011 international dollars,persons,GDP per capita multiplied by population
USA,United States,Western Offshoots,1968,23691.0,200706.0,MPD2023,23691.0,200706000.0,4754925846000.0,2011 international dollars,persons,GDP per capita multiplied by population
USA,United States,Western Offshoots,1969,24195.0,202677.0,MPD2023,24195.0,202677000.0,4903770015000.0,2011 international dollars,persons,GDP per capita multiplied by population
USA,United States,Western Offshoots,1970,23958.0,205052.0,MPD2023,23958.0,205052000.0,4912635816000.0,2011 international dollars,persons,GDP per capita multiplied by population
USA,United States,Western Offshoots,1971,24394.0,207661.0,MPD2023,24394.0,207661000.0,5065682434000.0,2011 international dollars,persons,GDP per capita multiplied by population
USA,United States,Western Offshoots,1972,25414.0,209896.0,MPD2023,25414.0,209896000.0,5334296944000.0,2011 international dollars,persons,GDP per capita multiplied by population
USA,United States,Western Offshoots,1973,26602.0,211909.0,MPD2023,26602.0,211909000.0,5637203218000.0,2011 international dollars,persons,GDP per capita multiplied by population
USA,United States,Western Offshoots,1974,26286.0,213854.0,MPD2023,26286.0,213854000.0,5621366244000.0,2011 international dollars,persons,GDP per capita multiplied by population
USA,United States,Western Offshoots,1975,25956.0,215973.0,MPD2023,25956.0,215973000.0,5605795188000.0,2011 international dollars,persons,GDP per capita multiplied by population
USA,United States,Western Offshoots,1976,27058.0,218035.0,MPD2023,27058.0,218035000.0,5899591030000.0,2011 international dollars,persons,GDP per capita multiplied by population
USA,United States,Western Offshoots,1977,28001.0,220239.0,MPD2023,28001.0,220239000.0,6166912239000.0,2011 international dollars,persons,GDP per capita multiplied by population
USA,United States,Western Offshoots,1978,29286.0,222585.0,MPD2023,29286.0,222585000.0,6518624310000.0,2011 international dollars,persons,GDP per capita multiplied by population
USA,United States,Western Offshoots,1979,29949.0,225055.0,MPD2023,29949.0,225055000.0,6740172195000.0,2011 international dollars,persons,GDP per capita multiplied by population
USA,United States,Western Offshoots,1980,29611.0,227726.463,MPD2023,29611.0,227726463.0,6743208295893.0,2011 international dollars,persons,GDP per capita multiplied by population
USA,United States,Western Offshoots,1981,30056.0,229966.237,MPD2023,30056.0,229966237.0,6911865219272.0,2011 international dollars,persons,GDP per capita multiplied by population
USA,United States,Western Offshoots,1982,29210.0,232187.835,MPD2023,29210.0,232187835.0,6782206660350.0,2011 international dollars,persons,GDP per capita multiplied by population
USA,United States,Western Offshoots,1983,30158.0,234307.207,MPD2023,30158.0,234307207.0,7066236748706.0,2011 international dollars,persons,GDP per capita multiplied by population
USA,United States,Western Offshoots,1984,32076.0,236348.292,MPD2023,32076.0,236348292.0,7581107814192.0,2011 international dollars,persons,GDP per capita multiplied by population
USA,United States,Western Offshoots,1985,33023.0,238466.283,MPD2023,33023.0,238466283.0,7874872063509.0,2011 international dollars,persons,GDP per capita multiplied by population
USA,United States,Western Offshoots,1986,33850.0,240650.755,MPD2023,33850.0,240650755.0,8146028056750.0,2011 international dollars,persons,GDP per capita multiplied by population
USA,United States,Western Offshoots,1987,34730.0,242803.533,MPD2023,34730.0,242803533.0,8432566701090.0,2011 international dollars,persons,GDP per capita multiplied by population
USA,United States,Western Offshoots,1988,35863.0,245021.414,MPD2023,35863.0,245021414.0,8787202970282.0,2011 international dollars,persons,GDP per capita multiplied by population
USA,United States,Western Offshoots,1989,36756.0,247341.697,MPD2023,36756.0,247341697.0,9091291414932.0,2011 international dollars,persons,GDP per capita multiplied by population
USA,United States,Western Offshoots,1990,36982.0,250131.894,MPD2023,36982.0,250131894.0,9250377703908.0,2011 international dollars,persons,GDP per capita multiplied by population
USA,United States,Western Offshoots,1991,36463.95763729273,252981.0,MPD2023,36463.95763729273,252981000.0,9224688467039.953,2011 international dollars,persons,GDP per capita multiplied by population
USA,United States,Western Offshoots,1992,37240.2990340352,256514.0,MPD2023,37240.2990340352,256514000.0,9552658066416.504,2011 international dollars,persons,GDP per capita multiplied by population
USA,United States,Western Offshoots,1993,37761.53516734228,259919.0,MPD2023,37761.53516734228,259919000.0,9814940459160.438,2011 international dollars,persons,GDP per capita multiplied by population
USA,United States,Western Offshoots,1994,38807.279971992684,263126.0,MPD2023,38807.279971992684,263126000.0,10211204349910.547,2011 international dollars,persons,GDP per capita multiplied by population
USA,United States,Western Offshoots,1995,39390.6254014683,266278.0,MPD2023,39390.6254014683,266278000.0,10488856950652.176,2011 international dollars,persons,GDP per capita multiplied by population
USA,United States,Western Offshoots,1996,40412.75103133644,269394.0,MPD2023,40412.75103133644,269394000.0,10886952651335.85,2011 international dollars,persons,GDP per capita multiplied by population
USA,United States,Western Offshoots,1997,41722.6703296506,272647.0,MPD2023,41722.6703296506,272647000.0,11375560897368.248,2011 international dollars,persons,GDP per capita multiplied by population
USA,United States,Western Offshoots,1998,43072.758021095564,275854.0,MPD2023,43072.758021095564,275854000.0,11881792591151.295,2011 international dollars,persons,GDP per capita multiplied by population
USA,United States,Western Offshoots,1999,44575.84862702155,279040.0,MPD2023,44575.84862702155,279040000.0,12438444800884.094,2011 international dollars,persons,GDP per capita multiplied by population
USA,United States,Western Offshoots,2000,45886.47049828895,282162.0,MPD2023,45886.47049828895,282162000.0,12947418288738.207,2011 international dollars,persons,GDP per capita multiplied by population
USA,United States,Western Offshoots,2001,45878.009153955805,284969.0,MPD2023,45878.009153955805,284969000.0,13073810390593.633,2011 international dollars,persons,GDP per capita multiplied by population
USA,United States,Western Offshoots,2002,46266.29589143221,287625.0,MPD2023,46266.29589143221,287625000.0,13307343355773.19,2011 international dollars,persons,GDP per capita multiplied by population
USA,United States,Western Offshoots,2003,47157.99527113943,290108.0,MPD2023,47157.99527113943,290108000.0,13680911692119.717,2011 international dollars,persons,GDP per capita multiplied by population
USA,United States,Western Offshoots,2004,48492.71712261176,292805.0,MPD2023,48492.71712261176,292805000.0,14198910037086.336,2011 international dollars,persons,GDP per capita multiplied by population
USA,United States,Western Offshoots,2005,49654.76142510663,295517.0,MPD2023,49654.76142510663,295517000.0,14673826132063.236,2011 international dollars,persons,GDP per capita multiplied by population
USA,United States,Western Offshoots,2006,50489.860021832916,298380.0,MPD2023,50489.860021832916,298380000.0,15065164433314.506,2011 international dollars,persons,GDP per capita multiplied by population
USA,United States,Western Offshoots,2007,50901.74470450649,301231.0,MPD2023,50901.74470450649,301231000.0,15333183459083.195,2011 international dollars,persons,GDP per capita multiplied by population
USA,United States,Western Offshoots,2008,50275.746337143275,304094.0,MPD2023,50275.746337143275,304094000.0,15288552806647.248,2011 international dollars,persons,GDP per capita multiplied by population
USA,United States,Western Offshoots,2009,48452.93350407469,306772.0,MPD2023,48452.93350407469,306772000.0,14864003316912.0,2011 international dollars,persons,GDP per capita multiplied by population
USA,United States,Western Offshoots,2010,49266.91586220606,309327.0,MPD2023,49266.91586220606,309327000.0,15239587282908.613,2011 international dollars,persons,GDP per capita multiplied by population
USA,United States,Western Offshoots,2011,49675.0,311583.0,MPD2023,49675.0,311583000.0,15477885525000.0,2011 international dollars,persons,GDP per capita multiplied by population
USA,United States,Western Offshoots,2012,50436.4354973145,313878.0,MPD2023,50436.4354973145,313878000.0,15830887501026.082,2011 international dollars,persons,GDP per capita multiplied by population
USA,United States,Western Offshoots,2013,51010.79810347045,316060.0,MPD2023,51010.79810347045,316060000.0,16122472848582.871,2011 international dollars,persons,GDP per capita multiplied by population
USA,United States,Western Offshoots,2014,51796.61921780836,318386.0,MPD2023,51796.61921780836,318386000.0,16491318406281.133,2011 international dollars,persons,GDP per capita multiplied by population
USA,United States,Western Offshoots,2015,52808.154135428966,320739.0,MPD2023,52808.154135428966,320739000.0,16937634549243.352,2011 international dollars,persons,GDP per capita multiplied by population
USA,United States,Western Offshoots,2016,53301.01506695151,323072.0,MPD2023,53301.01506695151,323072000.0,17220065539710.16,2011 international dollars,persons,GDP per capita multiplied by population
USA,United States,Western Offshoots,2017,54152.364518908056,325122.0,MPD2023,54152.364518908056,325122000.0,17606125057116.426,2011 international dollars,persons,GDP per capita multiplied by population
USA,United States,Western Offshoots,2018,55454.669437941724,326838.0,MPD2023,55454.669437941724,326838000.0,18124693249757.996,2011 international dollars,persons,GDP per capita multiplied by population
USA,United States,Western Offshoots,2019,56469.26365925514,328330.0,MPD2023,56469.26365925514,328330000.0,18540553337243.242,2011 international dollars,persons,GDP per capita multiplied by population
USA,United States,Western Offshoots,2020,54379.20651245575,331512.0,MPD2023,54379.20651245575,331512000.0,18027359509357.23,2011 international dollars,persons,GDP per capita multiplied by population
USA,United States,Western Offshoots,2021,57522.70462551701,332032.0,MPD2023,57522.70462551701,332032000.0,19099378662219.664,2011 international dollars,persons,GDP per capita multiplied by population
USA,United States,Western Offshoots,2022,58487.46586089506,333288.0,MPD2023,58487.46586089506,333288000.0,19493170521845.992,2011 international dollars,persons,GDP per capita multiplied by population
